date,newCasesByPublishDate,standard,t,growthrate,ln2/gr,sdgr,ln2/sdgr,LN2/SDGR,log
2020/1/31,2,0.4286,1,-100.00%,-0.693147181,0,0,0,0
2020/2/1,0,0.4286,2,0.00%,0,0,0,0,0
2020/2/2,0,0.4286,3,0.00%,0,0,0,0,0
2020/2/3,0,0.4286,4,0.00%,0,-0.666588894,-1.039842078,1.039842078,0.016967388
2020/2/4,0,0.1429,5,0.00%,0,0,0,0,0
2020/2/5,0,0.1429,6,0.00%,0,0.99930021,0.693632578,0.693632578,-0.158870517
2020/2/6,1,0.2857,7,-100.00%,-0.693147181,2,0.34657359,0.34657359,-0.460204535
2020/2/7,0,0.8571,8,0.00%,0,0,0,0,0
2020/2/8,0,0.8571,9,0.00%,0,0,0,0,0
2020/2/9,1,0.8571,10,300.00%,0.23104906,0,0,0,0
2020/2/10,4,0.8571,11,-100.00%,-0.693147181,0,0,0,0
2020/2/11,0,0.8571,12,0.00%,0,0,0,0,0
2020/2/12,0,0.8571,13,0.00%,0,-0.16660833,-4.160339275,4.160339275,0.619128749
2020/2/13,1,0.7143,14,-100.00%,-0.693147181,-0.799944001,-0.866494629,0.866494629,-0.062234125
2020/2/14,0,0.1429,15,0.00%,0,0,0,0,0
2020/2/15,0,0.1429,16,0.00%,0,0,0,0,0
2020/2/16,0,0.1429,17,0.00%,0,-1,-0.693147181,0.693147181,-0.159174539
2020/2/17,0,0,18,0.00%,0,0,0,0,0
2020/2/18,0,0,19,0.00%,0,0,0,0,0
2020/2/19,0,0,20,0.00%,0,0,0,0,0
2020/2/20,0,0,21,0.00%,0,0,0,0,0
2020/2/21,0,0.5714,22,0.00%,0,0,0,0,0
2020/2/22,0,0.5714,23,0.00%,0,0,0,0,0
2020/2/23,0,0.5714,24,0.00%,0,0,0,0,0
2020/2/24,4,0.5714,25,-100.00%,-0.693147181,1.500175009,0.462044213,0.462044213,-0.335316465
2020/2/25,0,1.4286,26,0.00%,0,0.399972001,1.732989258,1.732989258,0.238795871
2020/2/26,0,2,27,0.00%,0,0.85715,0.808664972,0.808664972,-0.092231368
2020/2/27,0,3.7143,28,0.00%,0,0.038446006,18.02910765,18.02910765,1.255974232
2020/2/28,6,3.8571,29,-33.33%,-2.079441542,0.407430453,1.701265027,1.701265027,0.230771974
2020/2/29,4,5.4286,30,200.00%,0.34657359,0.894724238,0.774704821,0.774704821,-0.110863741
2020/3/1,12,10.2857,31,-58.33%,-1.18825231,0.402782504,1.720896945,1.720896945,0.235754864
2020/3/2,5,14.4286,32,120.00%,0.57762265,0.39603981,1.750195721,1.750195721,0.243086618
2020/3/3,11,20.1429,33,209.09%,0.331505173,0.297871707,2.326999057,2.326999057,0.366796207
2020/3/4,34,26.1429,34,-14.71%,-4.713400828,0.289615919,2.393332465,2.393332465,0.379003032
2020/3/5,29,33.7143,35,58.62%,1.182427543,0.190678733,3.635157264,3.635157264,0.560523204
2020/3/6,46,40.1429,36,0.00%,0,0.14590625,4.750633924,4.750633924,0.676751566
2020/3/7,46,46,37,41.30%,1.678145806,0.152173913,4.554967187,4.554967187,0.658485253
2020/3/8,65,53,38,-23.08%,-3.003637782,0.283018868,2.449120038,2.449120038,0.389010072
2020/3/9,50,68,39,4.00%,17.32867951,0.338235294,2.049304708,2.049304708,0.311606538
2020/3/10,52,91,40,59.62%,1.162698496,0.34222967,2.025385993,2.025385993,0.306507802
2020/3/11,83,122.1429,41,61.45%,1.128063059,0.309941061,2.236383842,2.236383842,0.349546346
2020/3/12,134,160,42,54.48%,1.272352359,0.09107125,7.611042789,7.611042789,0.881444164
2020/3/13,207,174.5714,43,27.54%,2.517218708,0.290507494,2.38598726,2.38598726,0.37766812
2020/3/14,264,225.2857,44,25.00%,2.772588722,0.376030525,1.843326897,1.843326897,0.26560236
2020/3/15,330,310,45,-53.94%,-1.285048144,0.234562258,2.955066967,2.955066967,0.470567327
2020/3/16,152,382.7143,46,167.76%,0.413170084,0.189249788,3.6626048,3.6626048,0.56379006
2020/3/17,407,455.1429,47,66.09%,1.048739414,0.241996085,2.864290883,2.864290883,0.457017121
2020/3/18,676,565.2857,48,-4.88%,-14.19901497,0.084660199,8.187403132,8.187403132,0.913146175
2020/3/19,643,613.1429,49,11.04%,6.27737517,0.189888034,3.65029415,3.65029415,0.562327862
2020/3/20,714,729.5714,50,44.96%,1.541766626,0.199725894,3.470492319,3.470492319,0.540391088
2020/3/21,1035,875.2857,51,-35.75%,-1.938938735,0.126652589,5.472822831,5.472822831,0.738211389
2020/3/22,665,986.1429,52,45.41%,1.526300911,0.2152687,3.21991623,3.21991623,0.507844573
2020/3/23,967,1198.4286,53,47.57%,1.457115921,0.259387251,2.672248455,2.672248455,0.426876835
2020/3/24,1427,1509.2857,54,1.75%,39.56484107,0.143965917,4.814661653,4.814661653,0.682565773
2020/3/25,1452,1726.5714,55,46.63%,1.486631767,0.151994062,4.560356981,4.560356981,0.65899884
2020/3/26,2129,1989,56,35.74%,1.939172598,0.121956461,5.683562622,5.683562622,0.754620649
2020/3/27,2890,2231.5714,57,-11.56%,-5.997590874,0.11670189,5.939468338,5.939468338,0.773747572
2020/3/28,2556,2492,58,-2.11%,-32.80896655,0.178571429,3.881624211,3.881624211,0.589013488
2020/3/29,2502,2937,59,6.51%,10.6395966,0.116396697,5.955041651,5.955041651,0.774884803
2020/3/30,2665,3278.8571,60,21.95%,3.157670489,0.077640316,8.927670829,8.927670829,0.950738169
2020/3/31,3250,3533.4286,61,40.52%,1.710499876,0.058381171,11.87278649,11.87278649,1.074552658
2020/4/1,4567,3739.7143,62,-0.99%,-70.34673719,0.141225441,4.908090053,4.908090053,0.690912523
2020/4/2,4522,4267.8571,63,3.32%,20.896077,0.049472814,14.01066821,14.01066821,1.146458849
2020/4/3,4672,4479,64,-14.38%,-4.819023255,0.020348939,34.06306165,34.06306165,1.532283681
2020/4/4,4000,4570.1429,65,54.98%,1.26084071,0.040573895,17.08357489,17.08357489,1.232578756
2020/4/5,6199,4755.5714,66,-33.17%,-2.089892691,0.004596125,150.8112159,150.8112159,2.178433641
2020/4/6,4143,4777.4286,67,-6.15%,-11.26160302,0.030919206,22.41801345,22.41801345,1.350597125
2020/4/7,3888,4925.1429,68,50.85%,1.363154395,0.035793012,19.36543302,19.36543302,1.287027212
2020/4/8,5865,5101.4286,69,-20.29%,-3.41622539,-0.02551107,-27.17044765,27.17044765,1.434096794
2020/4/9,4675,4971.2857,70,22.05%,3.143029165,0.005718561,121.2100725,121.2100725,2.083538711
2020/4/10,5706,4999.7143,71,-8.27%,-8.379444518,0.038973647,17.78502231,17.78502231,1.250054414
2020/4/11,5234,5194.5714,72,1.03%,67.18393228,-0.03465156,-20.00334733,20.00334733,1.301102676
2020/4/12,5288,5014.5714,73,-17.89%,-3.874590159,-0.001623828,-426.8600515,426.8600515,2.630285512
2020/4/13,4342,5006.4286,74,20.96%,3.307302262,-0.003053214,-227.0221101,227.0221101,2.356068156
2020/4/14,5252,4991.1429,75,-12.32%,-5.626598133,0.008357645,82.93570604,82.93570604,1.918741546
2020/4/15,4605,5032.8571,76,0.28%,245.534059,0.015952331,43.45115461,43.45115461,1.638001321
2020/4/16,4618,5113.1429,77,21.24%,3.262949725,0.009331677,74.27894809,74.27894809,1.870865745
2020/4/17,5599,5160.8571,78,-1.30%,-53.16343923,-0.026324523,-26.33085461,26.33085461,1.420464955
2020/4/18,5526,5025,79,5.86%,11.82201025,-0.004378109,-158.3211174,158.3211174,2.199538846
2020/4/19,5850,5003,80,-20.07%,-3.453927603,-0.0009994,-693.5630689,693.5630689,2.84108596
2020/4/20,4676,4998,81,-8.02%,-8.643083243,-0.006088155,-113.8517582,113.8517582,2.056339742
2020/4/21,4301,4967.5714,82,3.49%,19.87484016,-0.017628614,-39.3194366,39.3194366,1.594607286
2020/4/22,4451,4880,83,2.97%,23.37271288,-0.040603053,-17.07130683,17.07130683,1.232266768
2020/4/23,4583,4681.8571,84,17.52%,3.956031791,-0.011167727,-62.06699057,62.06699057,1.792860688
2020/4/24,5386,4629.5714,85,-8.78%,-7.892792208,-0.009411541,-73.64864023,73.64864023,1.867164733
2020/4/25,4913,4586,86,-9.16%,-7.567626885,-0.011681509,-59.33712709,59.33712709,1.773326515
2020/4/26,4463,4532.4286,87,-3.43%,-20.21905795,0.045670879,15.17700534,15.17700534,1.181186087
2020/4/27,4310,4739.4286,88,-7.29%,-9.514217669,0.024565936,28.21578541,28.21578541,1.450492144
2020/4/28,3996,4855.8571,89,2.00%,34.62270167,-0.003147889,-220.1942769,220.1942769,2.342806027
2020/4/29,4076,4840.5714,90,47.99%,1.444410996,-0.003659547,-189.4079031,189.4079031,2.277398096
2020/4/30,6032,4822.8571,91,2.80%,24.74002244,-0.009626763,-72.00210649,72.00210649,1.857345202
2020/5/1,6201,4776.4286,92,-22.50%,-3.081151016,0.012262593,56.52533518,56.52533518,1.752243146
2020/5/2,4806,4835,93,-9.72%,-7.133330513,0.060127053,11.52804185,11.52804185,1.061755544
2020/5/3,4339,5125.7143,94,-8.16%,-8.495948069,-0.011649947,-59.49788267,59.49788267,1.774501511
2020/5/4,3985,5066,95,10.56%,6.561024975,-0.04376516,-15.83787612,15.83787612,1.199696942
2020/5/5,4406,4844.2857,96,38.70%,1.791206145,-0.026835742,-25.82925365,25.82925365,1.412111857
2020/5/6,6111,4714.2857,97,-8.13%,-8.52278153,-0.012606067,-54.98520647,54.98520647,1.74024586
2020/5/7,5614,4654.8571,98,-17.19%,-4.03246453,-0.003314495,-209.1260378,209.1260378,2.320408109
2020/5/8,4649,4639.4286,99,-16.20%,-4.279470441,-0.030884342,-22.44332026,22.44332026,1.351087107
2020/5/9,3896,4496.1429,100,0.69%,100.0185709,-0.091157512,-7.603840495,7.603840495,0.881032998
2020/5/10,3923,4086.2857,101,-1.17%,-59.11339977,-0.075793599,-9.145194174,9.145194174,0.961192931
2020/5/11,3877,3776.5714,102,-12.23%,-5.66947599,-0.041193819,-16.82648493,16.82648493,1.225993401
2020/5/12,3403,3621,103,-4.73%,-14.65080656,-0.01755631,-39.48136962,39.48136962,1.59639221
2020/5/13,3242,3557.4286,104,6.29%,11.01560372,-0.014496848,-47.81364909,47.81364909,1.67955189
2020/5/14,3446,3505.8571,105,3.31%,20.95250162,-0.048612506,-14.25861851,14.25861851,1.15407745
2020/5/15,3560,3335.4286,106,-3.06%,-22.63856847,-0.04244477,-16.33056745,16.33056745,1.213001276
2020/5/16,3451,3193.8571,107,3.22%,21.55000829,-0.034441115,-20.12557313,20.12557313,1.303748257
2020/5/17,3562,3083.8571,108,-24.65%,-2.812061796,-0.038495363,-18.00599131,18.00599131,1.255417036
2020/5/18,2684,2965.1429,109,-10.13%,-6.839731738,-0.013152823,-52.69949849,52.69949849,1.721806482
2020/5/19,2412,2926.1429,110,2.49%,27.86451666,-0.024019948,-28.85714755,28.85714755,1.4602534
2020/5/20,2472,2855.8571,111,5.78%,11.98223658,-0.057675925,-12.01796382,12.01796382,1.079830892
2020/5/21,2615,2691.1429,112,25.70%,2.697291484,-0.05621619,-12.33002776,12.33002776,1.090964054
2020/5/22,3287,2539.8571,113,-9.98%,-6.946264581,-0.022948417,-30.20457484,30.20457484,1.480072727
2020/5/23,2959,2481.5714,114,-18.59%,-3.729131831,-0.026423338,-26.23238514,26.23238514,1.41883778
2020/5/24,2409,2416,115,-32.54%,-2.129836171,-0.043046358,-16.10234219,16.10234219,1.206889052
2020/5/25,1625,2312,116,23.32%,2.97193712,-0.073652984,-9.410985664,9.410985664,0.973635112
2020/5/26,2004,2141.7143,117,0.45%,154.3407722,-0.034284965,-20.21723455,20.21723455,1.30572175
2020/5/27,2013,2068.2857,118,-6.26%,-11.07385138,-0.032670245,-21.21646734,21.21646734,1.326673073
2020/5/28,1887,2000.7143,119,11.02%,6.288311201,-0.003927197,-176.4991952,176.4991952,2.246742729
2020/5/29,2095,1992.8571,120,16.71%,4.148980981,-0.028028653,-24.72994982,24.72994982,1.393223235
2020/5/30,2445,1937,121,-20.82%,-3.329557675,-0.010472741,-66.18583972,66.18583972,1.820765083
2020/5/31,1936,1916.7143,122,-18.90%,-3.666483447,-0.006111657,-113.4139567,113.4139567,2.054666502
2020/6/1,1570,1905,123,2.74%,25.30793194,-0.033370814,-20.77106024,20.77106024,1.317458665
2020/6/2,1613,1841.4286,124,16.00%,4.333513187,-0.068890643,-10.06155774,10.06155774,1.002665224
2020/6/3,1871,1714.5714,125,-3.53%,-19.64967235,-0.05082483,-13.63796357,13.63796357,1.134749526
2020/6/4,1805,1627.4286,126,-8.59%,-8.071810716,-0.032040054,-21.63377077,21.63377077,1.335132224
2020/6/5,1650,1575.2857,127,-5.64%,-12.29777256,-0.020495139,-33.82007643,33.82007643,1.529174585
2020/6/6,1557,1543,128,-14.84%,-4.671992035,-0.080362929,-8.625210481,8.625210481,0.935769702
2020/6/7,1326,1419,129,-9.13%,-7.595976541,-0.054263566,-12.77371233,12.77371233,1.106317131
2020/6/8,1205,1342,130,15.10%,4.589243695,-0.01160313,-59.73795011,59.73795011,1.776250316
2020/6/9,1387,1326.4286,131,-27.69%,-2.503633176,-0.014216521,-48.75645612,48.75645612,1.688032131
2020/6/10,1003,1307.5714,132,26.22%,2.643447232,0.020539758,33.74660908,33.74660908,1.528230141
2020/6/11,1266,1334.4286,133,21.72%,3.190997566,-0.015951172,-43.45431072,43.45431072,1.638032865
2020/6/12,1541,1313.1429,134,-7.53%,-9.208101769,-0.011749369,-58.99441938,58.99441938,1.770810931
2020/6/13,1425,1297.7143,135,6.25%,11.09814306,0.01232937,56.21918801,56.21918801,1.749884569
2020/6/14,1514,1313.7143,136,-30.25%,-2.291320593,-0.005219704,-132.7943422,132.7943422,2.123179572
2020/6/15,1056,1306.8571,137,21.12%,3.282347187,-0.021316103,-32.51753823,32.51753823,1.51211766
2020/6/16,1279,1279,138,-12.82%,-5.405702707,-0.01452025,-47.73658658,47.73658658,1.678851361
2020/6/17,1115,1260.4286,139,9.24%,7.503486469,-0.033208704,-20.87245517,20.87245517,1.319573537
2020/6/18,1218,1218.5714,140,10.51%,6.59572864,-0.011488863,-60.33209502,60.33209502,1.780548406
2020/6/19,1346,1204.5714,141,-3.79%,-18.29364912,-0.048031275,-14.4311635,14.4311635,1.159301347
2020/6/20,1295,1146.7143,142,-5.71%,-12.13007566,-0.057555749,-12.04305733,12.04305733,1.080736754
2020/6/21,1221,1080.7143,143,-21.54%,-3.217995085,-0.013218757,-52.43663734,52.43663734,1.719634833
2020/6/22,958,1066.4286,144,-8.77%,-7.905178559,-0.045545947,-15.21863598,15.21863598,1.182375729
2020/6/23,874,1017.8571,145,-25.29%,-2.741224596,-0.056842066,-12.19426447,12.19426447,1.08615561
2020/6/24,653,960,146,71.21%,0.973387331,-0.047619063,-14.55608624,14.55608624,1.16304462
2020/6/25,1118,914.2857,147,-10.02%,-6.919094177,-0.022343782,-31.02192785,31.02192785,1.491668783
2020/6/26,1006,893.8571,148,-11.53%,-6.011259169,-0.029566807,-23.44342391,23.44342391,1.370021041
2020/6/27,890,867.4286,149,1.24%,56.08190825,0.02898544,23.91363287,23.91363287,1.378645558
2020/6/28,901,892.5714,150,-9.54%,-7.261925694,-0.086747682,-7.990382732,7.990382732,0.902567582
2020/6/29,815,815.1429,151,-15.46%,-4.483452001,-0.080967398,-8.560818226,8.560818226,0.932515276
2020/6/30,689,749.1429,152,20.32%,3.411274339,-0.050724635,-13.66490234,13.66490234,1.135606532
2020/7/1,829,711.1429,153,-30.52%,-2.271221394,-0.077340293,-8.962303566,8.962303566,0.95241965
2020/7/2,576,656.1429,154,-5.56%,-12.47664925,-0.102765114,-6.744965804,6.744965804,0.828979752
2020/7/3,544,588.7143,155,14.71%,4.713400828,-0.026207279,-26.44865102,26.44865102,1.422403526
2020/7/4,624,573.2857,156,-17.31%,-4.004850377,-0.049588887,-13.97787322,13.97787322,1.145441097
2020/7/5,516,544.8571,157,-33.53%,-2.067421648,0.017304721,40.05538072,40.05538072,1.602660864
2020/7/6,343,554.2857,158,69.39%,0.998947407,-0.008247371,-84.04461876,84.04461876,1.924509911
2020/7/7,581,549.7143,159,8.43%,8.218745141,0.05093555,13.60831847,13.60831847,1.133804464
2020/7/8,630,577.7143,160,1.90%,36.39022698,0.03313541,20.91862414,20.91862414,1.320533117
2020/7/9,642,596.8571,161,-20.25%,-3.423080692,0.044758285,15.48645542,15.48645542,1.189952027
2020/7/10,512,623.5714,162,60.16%,1.152244664,-0.041924309,-16.5333001,16.5333001,1.218359549
2020/7/11,820,597.4286,163,-20.73%,-3.343415812,-0.021999114,-31.50795865,31.50795865,1.498420267
2020/7/12,650,584.2857,164,-18.46%,-3.754547228,0,0,0,0
2020/7/13,530,584.2857,165,-24.91%,-2.783090952,0.042787287,16.19983942,16.19983942,1.20951071
2020/7/14,398,609.2857,166,35.18%,1.970518413,0.001641266,422.3246651,422.3246651,2.625646446
2020/7/15,538,610.2857,167,19.33%,3.585703684,0.017790356,38.96196186,38.96196186,1.590640817
2020/7/16,642,621.1429,168,7.01%,9.888899776,0.006209682,111.6236162,111.6236162,2.047756088
2020/7/17,687,625,169,20.38%,3.401372236,0.01074288,64.52154176,64.52154176,1.809704736
2020/7/18,827,631.7143,170,-12.21%,-5.675571469,0.004975034,139.3251196,139.3251196,2.144029425
2020/7/19,726,634.8571,171,-23.28%,-2.977661853,0.028577927,24.25463454,24.25463454,1.384794735
2020/7/20,557,653,172,-20.11%,-3.44716946,0.017720368,39.11584673,39.11584673,1.592352736
2020/7/21,445,664.5714,173,25.84%,2.68217822,-0.012897636,-53.74218823,53.74218823,1.730315346
2020/7/22,560,656,174,37.32%,1.857236465,0.004137652,167.5218474,167.5218474,2.224071454
2020/7/23,769,658.7143,175,-0.13%,-533.0301819,0.027759683,24.96956419,24.96956419,1.397410962
2020/7/24,768,677,176,-0.13%,-532.3370347,0.02869808,24.15308572,24.15308572,1.382972623
2020/7/25,767,696.4286,177,-2.87%,-24.16563125,0.041641024,16.64577657,16.64577657,1.221304061
2020/7/26,745,725.4286,178,-8.05%,-8.606577492,0.01516345,45.71170807,45.71170807,1.66002745
2020/7/27,685,736.4286,179,-15.18%,-4.565440564,0.021726478,31.90333799,31.90333799,1.503836125
2020/7/28,581,752.4286,180,31.33%,2.212739076,-0.001139244,-608.4271613,608.4271613,2.784208594
2020/7/29,763,751.5714,181,10.88%,6.371943359,-0.000190002,-3648.106421,3648.106421,3.562067499
2020/7/30,846,751.4286,182,4.02%,17.24713279,0.0404942,17.11719656,17.11719656,1.233432638
2020/7/31,880,781.8571,183,-13.52%,-5.125794276,0.016261667,42.62460729,42.62460729,1.629660391
2020/8/1,761,794.5714,184,-2.23%,-31.02852967,0.023193133,29.88587986,29.88587986,1.475466046
2020/8/2,744,813,185,20.70%,3.348711054,0.018274416,37.92992292,37.92992292,1.57898196
2020/8/3,898,827.8571,186,-25.39%,-2.730027053,-0.001553046,-446.3147039,446.3147039,2.649641195
2020/8/4,670,826.5714,187,33.13%,2.09193068,-0.000518407,-1337.072661,1337.072661,3.126155009
2020/8/5,892,826.1429,188,6.50%,10.6601256,0.054988671,12.6052725,12.6052725,1.100552239
2020/8/6,950,871.5714,189,-8.32%,-8.335314197,-0.025897362,-26.76516559,26.76516559,1.427569935
2020/8/7,871,849,190,-12.97%,-5.342753932,0.080430742,8.617938401,8.617938401,0.935403386
2020/8/8,758,917.2857,191,40.11%,1.728307773,0.018221477,38.04012114,38.04012114,1.580241891
2020/8/9,1062,934,192,-30.32%,-2.286094117,0.027378373,25.31732587,25.31732587,1.403417832
2020/8/10,740,959.5714,193,55.14%,1.25717871,0.084859344,8.168189192,8.168189192,0.912125788
2020/8/11,1148,1041,194,-12.11%,-5.724697578,0.043776561,15.83375132,15.83375132,1.19958382
2020/8/12,1009,1086.5714,195,11.89%,5.828212543,-0.002892401,-239.6442352,239.6442352,2.379566986
2020/8/13,1129,1083.4286,196,27.64%,2.508215278,-0.003560179,-194.6944622,194.6944622,2.289353599
2020/8/14,1441,1079.5714,197,-25.26%,-2.744024965,-0.007807265,-88.78233044,88.78233044,1.948326541
2020/8/15,1077,1071.1429,198,-3.44%,-20.17620307,-0.026273712,-26.3817759,26.3817759,1.421304027
2020/8/16,1040,1043,199,-31.44%,-2.204504794,0.007259252,95.484654,95.484654,1.979933579
2020/8/17,713,1050.5714,200,52.73%,1.314398776,-0.055479999,-12.49364087,12.49364087,1.096689018
2020/8/18,1089,992.2857,201,-25.44%,-2.725044331,0.030377239,22.81797821,22.81797821,1.358277161
2020/8/19,812,1022.4286,202,45.57%,1.521177056,0.016766745,41.34059205,41.34059205,1.616376692
2020/8/20,1182,1039.5714,203,-12.61%,-5.498657499,0.019238698,36.02879925,36.02879925,1.556649788
2020/8/21,1033,1059.5714,204,24.69%,2.807925637,0.012808481,54.1162678,54.1162678,1.733327837
2020/8/22,1288,1073.1429,205,-9.94%,-6.974793504,0.031416319,22.06328418,22.06328418,1.343670159
2020/8/23,1160,1106.8571,206,-26.47%,-2.619057751,0.043882358,15.7955772,15.7955772,1.1985355
2020/8/24,853,1155.4286,207,38.80%,1.786267508,0.030044522,23.0706676,23.0706676,1.363060162
2020/8/25,1184,1190.1429,208,-11.49%,-6.034457807,-0.021606061,-32.08114534,32.08114534,1.506249865
2020/8/26,1048,1164.4286,209,45.23%,1.532527944,0.068089791,10.17989878,10.17989878,1.00774346
2020/8/27,1522,1243.7143,210,-16.16%,-4.288495971,0.063519411,10.91236785,10.91236785,1.037918997
2020/8/28,1276,1322.7143,211,-13.17%,-5.264617871,0.011988303,57.81862306,57.81862306,1.762067745
2020/8/29,1108,1338.5714,212,54.78%,1.265250537,0.049092861,14.11910333,14.11910333,1.149807117
2020/8/30,1715,1404.2857,213,-18.02%,-3.847079012,0.021668383,31.98887473,31.98887473,1.504998963
2020/8/31,1406,1434.7143,214,-7.89%,-8.779864287,0.066115672,10.48385595,10.48385595,1.020521045
2020/9/1,1295,1529.5714,215,16.45%,4.214204689,0.065844785,10.52698677,10.52698677,1.022304077
2020/9/2,1508,1630.2857,216,15.05%,4.604695807,0.111549282,6.213820165,6.213820165,0.79335868
2020/9/3,1735,1812.1429,217,11.82%,5.866391992,0.121560888,5.702057564,5.702057564,0.756031597
2020/9/4,1940,2032.4286,218,-6.55%,-10.58823252,0.081886517,8.46472902,8.46472902,0.92761306
2020/9/5,1813,2198.8571,219,64.81%,1.069511352,0.07477912,9.26926094,9.26926094,0.967045108
2020/9/6,2988,2363.2857,220,-1.34%,-51.77809439,0.071571076,9.684738879,9.684738879,0.986087916
2020/9/7,2948,2532.4286,221,-16.55%,-4.187290755,0.090201358,7.684442808,7.684442808,0.885612383
2020/9/8,2460,2760.8571,222,8.09%,8.568553086,0.087136527,7.954725788,7.954725788,0.900625213
2020/9/9,2659,3001.4286,223,9.78%,7.088762897,0.016277948,42.5819742,42.5819742,1.629225792
2020/9/10,2919,3050.2857,224,21.24%,3.263381645,-0.015314729,-45.26016515,45.26016515,1.655716134
2020/9/11,3539,3003.5714,225,-1.19%,-58.40590171,0.030677779,22.59443807,22.59443807,1.354001545
2020/9/12,3497,3095.7143,226,-4.78%,-14.51458497,0.061467462,11.2766521,11.2766521,1.052180182
2020/9/13,3330,3286,227,-21.29%,-3.255543175,0.020693853,33.49531817,33.49531817,1.524984107
2020/9/14,2621,3354,228,18.47%,3.75359248,0.033350358,20.78380043,20.78380043,1.317724964
2020/9/15,3105,3465.8571,229,28.53%,2.429144465,0.038127048,18.17993307,18.17993307,1.25959228
2020/9/16,3991,3598,230,-14.93%,-4.641527513,0.022591912,30.68120906,30.68120906,1.48687247
2020/9/17,3395,3679.2857,231,27.30%,2.538548736,0.067831482,10.21866492,10.21866492,1.009394158
2020/9/18,4322,3928.8571,232,2.31%,29.95782114,0.066213378,10.46838573,10.46838573,1.019879717
2020/9/19,4422,4189,233,-11.83%,-5.860605798,0.074583099,9.293622733,9.293622733,0.968185039
2020/9/20,3899,4501.4286,234,12.03%,5.762432531,0.102792767,6.743151319,6.743151319,0.828862906
2020/9/21,4368,4964.1429,235,12.77%,5.425926317,0.073440956,9.43815575,9.43815575,0.97488714
2020/9/22,4926,5328.7143,236,25.42%,2.727190904,0.043430476,15.95992584,15.95992584,1.203030869
2020/9/23,6178,5560.1429,237,7.38%,9.390928249,0.046093366,15.03789472,15.03789472,1.17718704
2020/9/24,6634,5816.4286,238,3.62%,19.15974332,-0.007957753,-87.10338366,87.10338366,1.940035026
2020/9/25,6874,5770.1429,239,-12.10%,-5.726795336,0.05488845,12.62828848,12.62828848,1.101344494
2020/9/26,6042,6086.8571,240,-5.78%,-11.99998643,0.021826897,31.75656146,31.75656146,1.501833472
2020/9/27,5693,6219.7143,241,-28.97%,-2.393018132,0.006431164,107.7794358,107.7794358,2.032535906
2020/9/28,4044,6259.7143,242,76.63%,0.904513455,0.002145242,323.1091341,323.1091341,2.509349235
2020/9/29,7143,6273.1429,243,-0.49%,-141.4614374,0.155538335,4.456439513,4.456439513,0.648988016
2020/9/30,7108,7248.8571,244,-2.73%,-25.39634103,0.340309812,2.036812208,2.036812208,0.308950989
2020/10/1,6914,9715.7143,245,0.78%,88.74851123,0.125716809,5.513560084,5.513560084,0.741432112
2020/10/2,6968,10937.1429,246,84.73%,0.818063949,0.096643155,7.172232511,7.172232511,0.85565436
2020/10/3,12872,11994.1429,247,78.38%,0.88434835,0.084017191,8.250063693,8.250063693,0.916457301
2020/10/4,22961,13001.8571,248,-45.15%,-1.535193635,0.116752552,5.936891035,5.936891035,0.773559078
2020/10/5,12594,14519.8571,249,15.47%,4.481260571,0.067847975,10.21618083,10.21618083,1.009288571
2020/10/6,14542,15505,250,-2.61%,-26.52564816,0.02113604,32.79456232,32.79456232,1.515801839
2020/10/7,14162,15832.7143,251,23.85%,2.905965178,-0.09103213,-7.61431358,7.61431358,0.881630758
2020/10/8,17540,14391.4286,252,-20.96%,-3.307345361,0.013678774,50.67319471,50.67319471,1.704778285
2020/10/9,13864,14588.2857,253,9.39%,7.380793019,0.026361658,26.29376262,26.29376262,1.419852738
2020/10/10,15166,14972.8571,254,-15.13%,-4.5825066,0.05306746,13.06162338,13.06162338,1.115997157
2020/10/11,12872,15767.4286,255,8.55%,8.11108228,0.013046788,53.12780239,53.12780239,1.725321852
2020/10/12,13972,15973.1429,256,23.35%,2.968930842,0.015973237,43.39428338,43.39428338,1.637432521
2020/10/13,17234,16228.2857,257,14.45%,4.797469281,0.008846985,78.34840698,78.34840698,1.894030171
2020/10/14,19724,16371.8571,258,-3.77%,-18.37585348,0.035862938,19.32767405,19.32767405,1.286179593
2020/10/15,18980,16959,259,-17.54%,-3.950730777,0.040703208,17.02930111,17.02930111,1.231196825
2020/10/16,15650,17649.2857,260,3.33%,20.82102375,0.033162005,20.9018478,20.9018478,1.320184681
2020/10/17,16171,18234.5714,261,5.02%,13.82106419,0.054558847,12.70457886,12.70457886,1.103960273
2020/10/18,16982,19229.4286,262,10.73%,6.460496938,0.016804597,41.24747393,41.24747393,1.615397357
2020/10/19,18804,19552.5714,263,13.44%,5.157870828,0.035654794,19.44050458,19.44050458,1.288707533
2020/10/20,21331,20249.7143,264,25.11%,2.760037803,0.048261703,14.36226108,14.36226108,1.157222817
2020/10/21,26688,21227,265,-20.41%,-3.396752103,0.018897767,36.67878754,36.67878754,1.564414971
2020/10/22,21242,21628.1429,266,-3.35%,-20.6795399,0.013778344,50.30700091,50.30700091,1.701628427
2020/10/23,20530,21926.1429,267,12.09%,5.733405164,0.0101249,68.45965825,68.45965825,1.835434727
2020/10/24,23012,22148.1429,268,-14.00%,-4.950559565,-0.012816298,-54.08326019,54.08326019,1.733062863
2020/10/25,19790,21864.2857,269,5.56%,12.47034791,0.011911141,58.19317843,58.19317843,1.764872078
2020/10/26,20890,22124.7143,270,9.55%,7.25806747,0.025020499,27.70317133,27.70317133,1.442529488
2020/10/27,22885,22678.2857,271,7.94%,8.734952218,-0.006910324,-100.3060333,100.3060333,2.001327056
2020/10/28,24701,22521.5714,272,-6.62%,-10.46542085,0.021972588,31.54599694,31.54599694,1.498944257
2020/10/29,23065,23016.4286,273,5.81%,11.93092516,-0.012041091,-57.56514993,57.56514993,1.76015964
2020/10/30,24405,22739.2857,274,-10.20%,-6.793677487,-0.018011621,-38.48333104,38.48333104,1.585272657
2020/10/31,21915,22329.7143,275,6.11%,11.34452611,0.00304527,227.6143898,227.6143898,2.357199715
2020/11/1,23254,22397.7143,276,-18.51%,-3.74499176,0.006862946,100.9984921,100.9984921,2.00431489
2020/11/2,18950,22551.4286,277,5.64%,12.29881936,-0.007082225,-97.87138128,97.87138128,1.990655718
2020/11/3,20018,22391.7143,278,25.77%,2.689556166,0.019407688,35.71508303,35.71508303,1.552851664
2020/11/4,25177,22826.2857,279,-4.11%,-16.84494842,-0.016785157,-41.29524442,41.29524442,1.615900041
2020/11/5,24141,22443.1429,280,-3.54%,-19.59398839,0.015276697,45.37284258,45.37284258,1.656795988
2020/11/6,23287,22786,281,7.17%,9.665460116,0.002470188,280.6050499,280.6050499,2.448095483
2020/11/7,24957,22842.2857,282,-17.57%,-3.945011217,-0.013927801,-49.76716723,49.76716723,1.696942921
2020/11/8,20572,22524.1429,283,3.78%,18.32830822,0.059168254,11.7148494,11.7148494,1.06873671
2020/11/9,21350,23856.8571,284,-4.39%,-15.77685747,0.024036217,28.83761507,28.83761507,1.45995934
2020/11/10,20412,24430.2857,285,12.43%,5.574673069,0.011127876,62.28925941,62.28925941,1.794413167
2020/11/11,22950,24702.1429,286,45.84%,1.512141425,0.025388194,27.30194894,27.30194894,1.43619365
2020/11/12,33470,25329.2857,287,-18.43%,-3.760680197,7.33E-05,9453.436877,9453.436877,3.975589729
2020/11/13,27301,25331.1429,288,-1.62%,-42.91068294,-0.002035893,-340.4634397,340.4634397,2.532070483
2020/11/14,26860,25279.5714,289,-7.07%,-9.809237761,-0.018880292,-36.71273546,36.71273546,1.564816745
2020/11/15,24962,24802.2857,290,-14.42%,-4.807540962,-0.060795086,-11.40136847,11.40136847,1.056956981
2020/11/16,21363,23294.4286,291,-6.14%,-11.28635916,-0.043229221,-16.03422791,16.03422791,1.205048052
2020/11/17,20051,22287.4286,292,-2.20%,-31.44410434,-0.0447722,-15.48164236,15.48164236,1.189817031
2020/11/18,19609,21289.5714,293,16.86%,4.111289493,-0.042274219,-16.39645155,16.39645155,1.21474987
2020/11/19,22915,20389.5714,294,-11.62%,-5.964501556,-0.041428742,-16.73106982,16.73106982,1.223523712
2020/11/20,20252,19544.8571,295,-1.86%,-37.23505756,-0.063970061,-10.83549351,10.83549351,1.034848696
2020/11/21,19875,18294.5714,296,-6.10%,-11.3572137,-0.010900966,-63.58584949,63.58584949,1.803360478
2020/11/22,18662,18095.1429,297,-17.21%,-4.027245543,-0.042316013,-16.38025734,16.38025734,1.21432072
2020/11/23,15450,17329.4286,298,-26.87%,-2.579890132,-0.034870492,-19.87775745,19.87775745,1.298367387
2020/11/24,11299,16725.1429,299,61.19%,1.132755278,-0.034200007,-20.26745742,20.26745742,1.306799269
2020/11/25,18213,16153.1429,300,-3.61%,-19.18585046,-0.057547408,-12.04480286,12.04480286,1.080799696
2020/11/26,17555,15223.5714,301,-8.73%,-7.937507342,-0.029277906,-23.67475218,23.67475218,1.374285442
2020/11/27,16022,14777.8571,302,-0.94%,-73.5470472,0.020600321,33.64739707,33.64739707,1.526951473
2020/11/28,15871,15082.2857,303,-23.41%,-2.960424893,-0.019350986,-35.81973442,35.81973442,1.554122362
2020/11/29,12155,14790.4286,304,1.44%,48.14402274,-0.02584683,-26.81749248,26.81749248,1.428418168
2020/11/30,12330,14408.1429,305,8.92%,7.76954976,0.002736543,253.2930147,253.2930147,2.403623213
2020/12/1,13430,14447.5714,306,20.40%,3.397433078,-0.003282801,-211.145058,211.145058,2.324580921
2020/12/2,16170,14400.1429,307,-7.98%,-8.681789241,0.050763385,13.6544712,13.6544712,1.135274886
2020/12/3,14879,15131.1429,308,9.54%,7.268031642,0.022545739,30.74404337,30.74404337,1.487760984
2020/12/4,16298,15472.2857,309,-4.66%,-14.88394302,-0.010599597,-65.39372689,65.39372689,1.815536089
2020/12/5,15539,15308.2857,310,11.15%,6.215126393,0.003807461,182.049715,182.049715,2.260190003
2020/12/6,17272,15366.5714,311,-14.79%,-4.687563862,0.056569919,12.25292863,12.25292863,1.088239904
2020/12/7,14718,16235.8571,312,-16.55%,-4.187906487,0.047285111,14.65888882,14.65888882,1.166101051
2020/12/8,12282,17003.5714,313,34.98%,1.981665194,0.050098722,13.83562594,13.83562594,1.140998812
2020/12/9,16578,17855.4286,314,26.46%,2.619925663,0.0094009,73.73200175,73.73200175,1.867656025
2020/12/10,20964,18023.2857,315,3.38%,20.5242055,0.043951082,15.7708788,15.7708788,1.197855894
2020/12/11,21672,18815.4286,316,-0.78%,-88.36403351,0.046830865,14.8010757,14.8010757,1.17029328
2020/12/12,21502,19696.5714,317,-14.21%,-4.878576326,0.062251591,11.13460995,11.13460995,1.046675008
2020/12/13,18447,20922.7143,318,9.84%,7.041016542,0.098450759,7.040546855,7.040546855,0.847606393
2020/12/14,20263,22982.5714,319,-8.95%,-7.746961566,0.042485612,16.31486887,16.31486887,1.212583588
2020/12/15,18450,23959,320,36.37%,1.905612499,0.033092245,20.9459098,20.9459098,1.321099229
2020/12/16,25161,24751.8571,321,40.63%,1.706151067,0.100892866,6.870130749,6.870130749,0.836965002
2020/12/17,35383,27249.1429,322,-19.43%,-3.566845068,0.06868368,10.09187604,10.09187604,1.003971907
2020/12/18,28507,29120.7143,323,-5.10%,-13.58044445,0.090039,7.698299395,7.698299395,0.886394797
2020/12/19,27052,31742.7143,324,32.81%,2.112552673,0.063348619,10.94178841,10.94178841,1.039088312
2020/12/20,35928,33753.5714,325,-7.14%,-9.712711351,0.01902021,36.44266799,36.44266799,1.561610164
2020/12/21,33364,34395.5714,326,10.31%,6.722721666,0.017518869,39.56575002,39.56575002,1.597319403
2020/12/22,36804,34998.1429,327,6.61%,10.48523996,0.035263094,19.65644825,19.65644825,1.293505047
2020/12/23,39237,36232.2857,328,1.63%,42.49533738,-0.021397648,-32.39361525,32.39361525,1.51045942
2020/12/24,39877,35457,329,-17.94%,-3.864741348,0.032316809,21.44850312,21.44850312,1.331396988
2020/12/25,32725,36602.8571,330,9.06%,7.647755052,0.063738194,10.87491093,10.87491093,1.036425709
2020/12/26,35691,38935.8571,331,-14.54%,-4.766689021,0.039574246,17.51510755,17.51510755,1.243412808
2020/12/27,30501,40476.7143,332,35.68%,1.942455178,0.056522797,12.26314371,12.26314371,1.088601818
2020/12/28,41385,42764.5714,333,28.39%,2.441352857,0.068681687,10.09216885,10.09216885,1.003984508
2020/12/29,53135,45701.7143,334,-5.86%,-11.83495355,0.068875191,10.06381501,10.06381501,1.002762645
2020/12/30,50023,48849.4286,335,11.73%,5.90787211,0.07161657,9.678586744,9.678586744,0.985811947
2020/12/31,55892,52347.8571,336,-4.66%,-14.86052252,0.047481819,14.59815964,14.59815964,1.164298109
2021/1/1,53285,54833.4286,337,8.33%,8.318546738,0.020271784,34.19270812,34.19270812,1.533933499
2021/1/2,57725,55945,338,-4.74%,-14.6295872,0.031405845,22.07064258,22.07064258,1.343814978
2021/1/3,54990,57702,339,6.90%,10.04643212,-0.008105686,-85.51369632,85.51369632,1.932035679
2021/1/4,58784,57234.2857,340,3.63%,19.11161532,0.036861023,18.80433941,18.80433941,1.274258081
2021/1/5,60916,59344,341,2.31%,30.03111924,0.005324885,130.1712857,130.1712857,2.114515194
2021/1/6,62322,59660,342,-15.57%,-4.451599195,-0.000119727,-5789.407774,5789.407774,3.76263414
2021/1/7,52618,59652.8571,343,29.33%,2.362942556,-0.030210503,-22.94391416,22.94391416,1.360667509
2021/1/8,68053,57850.7143,344,-11.93%,-5.812068147,-0.037986936,-18.24698825,18.24698825,1.261191192
2021/1/9,59937,55653.1429,345,-8.34%,-8.314020925,-0.03798271,-18.24901847,18.24901847,1.261239511
2021/1/10,54940,53539.2857,346,-15.96%,-4.341751921,-0.010502301,-65.99955313,65.99955313,1.819540995
2021/1/11,46169,52977,347,-1.38%,-50.31747198,-0.03314646,-20.91165045,20.91165045,1.320388311
2021/1/12,45533,51221,348,4.37%,15.84391093,-0.051850942,-13.36807305,13.36807305,1.12606881
2021/1/13,47525,48565.1429,349,2.43%,28.47175433,-0.048070928,-14.41925933,14.41925933,1.158942953
2021/1/14,48682,46230.5714,350,14.54%,4.76674545,-0.026679932,-25.9800955,25.9800955,1.414640743
2021/1/15,55761,44997.1429,351,-25.85%,-2.681275056,-0.038662773,-17.92802573,17.92802573,1.253532467
2021/1/16,41346,43257.4286,352,-6.65%,-10.42898957,-0.028467448,-24.34876425,24.34876425,1.386476925
2021/1/17,38598,42026,353,-2.75%,-25.1684806,-0.036677976,-18.89818537,18.89818537,1.276420105
2021/1/18,37535,40484.5714,354,-11.14%,-6.224229527,-0.054694557,-12.67305593,12.67305593,1.102881352
2021/1/19,33355,38270.2857,355,16.64%,4.165752109,-0.029093815,-23.82455474,23.82455474,1.377024793
2021/1/20,38905,37156.8571,356,-2.60%,-26.62082039,-0.03304139,-20.97814845,20.97814845,1.321767154
2021/1/21,37892,35929.1429,357,6.25%,11.0868438,-0.060993066,-11.36436026,11.36436026,1.055544993
2021/1/22,40261,33737.7143,358,-16.66%,-4.159606296,-0.05617283,-12.33954524,12.33954524,1.091299155
2021/1/23,33552,31842.5714,359,-10.57%,-6.554812346,-0.061000994,-11.36288342,11.36288342,1.055488551
2021/1/24,30004,29900.1429,360,-26.03%,-2.663233193,-0.044013168,-15.74863203,15.74863203,1.197242836
2021/1/25,22195,28584.1429,361,-9.49%,-7.305034033,-0.055885132,-12.40306957,12.40306957,1.09352918
2021/1/26,20089,26986.7143,362,25.98%,2.668065474,-0.054402432,-12.74110642,12.74110642,1.105207143
2021/1/27,25308,25518.5714,363,13.32%,5.202303928,-0.049913229,-13.88704344,13.88704344,1.142609794
2021/1/28,28680,24244.8571,364,1.39%,49.82321087,-0.021141449,-32.78617251,32.78617251,1.51569072
2021/1/29,29079,23732.2857,365,-19.96%,-3.472782023,-0.019557442,-35.44160746,35.44160746,1.549513411
2021/1/30,23275,23268.1429,366,-9.40%,-7.37677212,-0.037488415,-18.48963682,18.48963682,1.266928381
2021/1/31,21088,22395.8571,367,-11.76%,-5.891611344,-0.051323265,-13.50551618,13.50551618,1.130511188
2021/2/1,18607,21246.4286,368,-9.50%,-7.299032025,-0.067002861,-10.34503857,10.34503857,1.014732114
2021/2/2,16840,19822.8571,369,14.03%,4.941828332,-0.036127123,-19.18633757,19.18633757,1.282992081
2021/2/3,19202,19106.7143,370,7.46%,9.294561565,-0.039200879,-17.68192943,17.68192943,1.247529653
2021/2/4,20634,18357.7143,371,-7.37%,-9.409472976,-0.03504171,-19.78063232,19.78063232,1.29624017
2021/2/5,19114,17714.4286,372,-4.46%,-15.55025259,-0.036096485,-19.20262284,19.20262284,1.283360552
2021/2/6,18262,17075,373,-13.24%,-5.23717576,-0.051779965,-13.38639728,13.38639728,1.12666371
2021/2/7,15845,16190.8571,374,-10.99%,-6.308395793,-0.062998518,-11.00259505,11.00259505,1.041495129
2021/2/8,14104,15170.8571,375,-12.34%,-5.618475767,-0.037383702,-18.541427,18.541427,1.268143156
2021/2/9,12364,14603.7143,376,5.25%,13.2050412,-0.048461253,-14.30312118,14.30312118,1.155430818
2021/2/10,13013,13896,377,3.70%,18.75244129,-0.050096639,-13.83620119,13.83620119,1.141016868
2021/2/11,13494,13199.8571,378,12.23%,5.668683669,-0.04695938,-14.76056938,14.76056938,1.16910311
2021/2/12,15144,12580,379,-12.12%,-5.717331646,-0.019747901,-35.09978936,35.09978936,1.54530451
2021/2/13,13308,12331.5714,380,-17.55%,-3.948802517,-0.003417472,-202.8245382,202.8245382,2.307120496
2021/2/14,10972,12289.4286,381,-11.00%,-6.300920352,-0.016704251,-41.49525654,41.49525654,1.617998454
2021/2/15,9765,12084.1429,382,8.81%,7.87044444,-0.03684877,-18.81059216,18.81059216,1.274402467
2021/2/16,10625,11638.8571,383,19.70%,3.518723743,-0.035619597,-19.45971426,19.45971426,1.289136459
2021/2/17,12718,11224.2857,384,-5.20%,-13.33652926,-0.014483897,-47.85640024,47.85640024,1.679940028
2021/2/18,12057,11061.7143,385,-0.25%,-278.5758519,0.011313147,61.26917473,61.26917473,1.787242031
2021/2/19,12027,11186.8571,386,-13.48%,-5.142801444,-0.027276902,-25.4115072,25.4115072,1.405030425
2021/2/20,10406,10881.7143,387,-5.50%,-12.60994678,-0.036496354,-18.99223072,18.99223072,1.278575978
2021/2/21,9834,10484.5714,388,8.21%,8.446603933,-0.02823196,-24.55186184,24.55186184,1.390084432
2021/2/22,10641,10188.5714,389,-20.22%,-3.427406667,-0.049130676,-14.10823619,14.10823619,1.149472722
2021/2/23,8489,9688,390,17.07%,4.060818782,-0.043824463,-15.81644427,15.81644427,1.199108855
2021/2/24,9938,9263.4286,391,0.47%,146.5637592,-0.058586763,-11.83112259,11.83112259,1.073025954
2021/2/25,9985,8720.7143,392,-14.64%,-4.733977153,-0.084953729,-8.159114239,8.159114239,0.911643014
2021/2/26,8523,7979.8571,393,-12.78%,-5.424879173,-0.037558843,-18.45496626,18.45496626,1.266113256
2021/2/27,7434,7680.1429,394,-18.82%,-3.683242416,-0.066088809,-10.48811724,10.48811724,1.020697533
2021/2/28,6035,7172.5714,395,-9.61%,-7.212315922,-0.067957288,-10.19974754,10.19974754,1.008589422
2021/3/1,5455,6685.1429,396,17.16%,4.039655844,-0.05504744,-12.59181509,12.59181509,1.100088337
2021/3/2,6391,6317.1429,397,-0.09%,-738.3172718,-0.031524204,-21.98777757,21.98777757,1.342181335
2021/3/3,6385,6118,398,2.94%,23.54119547,-0.020034554,-34.59758517,34.59758517,1.539045787
2021/3/4,6573,5995.4286,399,-9.52%,-7.278045396,-0.017703972,-39.15207169,39.15207169,1.592754747
2021/3/5,5947,5889.2857,400,1.56%,44.32415358,-0.015160701,-45.71999523,45.71999523,1.660106176
2021/3/6,6040,5800,401,-14.29%,-4.851227081,-0.011305414,-61.31108452,61.31108452,1.787538998
2021/3/7,5177,5734.4286,402,-8.98%,-7.71703861,0.004484196,154.575587,154.575587,2.189140904
2021/3/8,4712,5760.1429,403,22.37%,3.098775631,0.016418239,42.21812103,42.21812103,1.625498901
2021/3/9,5766,5854.7143,404,2.77%,24.97929152,-0.01234658,-56.14082329,56.14082329,1.749278777
2021/3/10,5926,5782.4286,405,13.96%,4.966856339,-0.013810322,-50.19051608,50.19051608,1.700621661
2021/3/11,6753,5702.5714,406,-2.13%,-32.50571466,0.009444371,73.39262509,73.39262509,1.865652422
2021/3/12,6609,5756.4286,407,-16.27%,-4.261404387,-0.011713617,-59.1744787,59.1744787,1.772134441
2021/3/13,5534,5689,408,-16.55%,-4.187638097,-0.004218668,-164.3047629,164.3047629,2.215650153
2021/3/14,4618,5665,409,10.20%,6.79608,-0.011347873,-61.08168345,61.08168345,1.785910998
2021/3/15,5089,5600.7143,410,4.03%,17.20695611,-0.046091067,-15.03864459,15.03864459,1.177208696
2021/3/16,5294,5342.5714,411,8.76%,7.908450806,0.001417201,489.0957278,489.0957278,2.689393869
2021/3/17,5758,5350.1429,412,9.47%,7.32319535,0.01853087,37.40500033,37.40500033,1.572929663
2021/3/18,6303,5449.2857,413,-23.81%,-2.91066401,0.006632594,104.5061968,104.5061968,2.019142043
2021/3/19,4802,5485.4286,414,16.35%,4.240118167,0.002213647,313.124598,313.124598,2.495717186
2021/3/20,5587,5497.5714,415,-4.92%,-14.08223017,-0.003975774,-174.3427132,174.3427132,2.2414038
2021/3/21,5312,5475.7143,416,0.56%,122.7332608,0.002452392,282.6412231,282.6412231,2.451235504
2021/3/22,5342,5489.1429,417,0.69%,100.0754659,0.036045172,19.22995902,19.22995902,1.283978359
2021/3/23,5379,5687,418,4.20%,16.4975163,-0.021904589,-31.64392482,31.64392482,1.500290344
2021/3/24,5605,5562.4286,419,14.13%,4.9054166,-0.037239651,-18.61314919,18.61314919,1.269819858
2021/3/25,6397,5355.2857,420,-3.28%,-21.1145834,-0.018353026,-37.7674594,37.7674594,1.577117771
2021/3/26,6187,5257,421,-23.79%,-2.913384243,-0.036386856,-19.04938387,19.04938387,1.279880933
2021/3/27,4715,5065.7143,422,-18.09%,-3.831405576,-0.043795837,-15.8267822,15.8267822,1.199392626
2021/3/28,3862,4843.8571,423,20.51%,3.379967691,-0.056566491,-12.25367114,12.25367114,1.088266221
2021/3/29,4654,4569.8571,424,-13.19%,-5.25392016,-0.087061169,-7.961611253,7.961611253,0.901000968
2021/3/30,4040,4172,425,0.30%,233.3595508,-0.044240508,-15.66770387,15.66770387,1.195005354
2021/3/31,4052,3987.4286,426,10.54%,6.577593386,-0.056069092,-12.36237576,12.36237576,1.09210194
2021/4/1,4479,3763.8571,427,-24.05%,-2.882642731,-0.071810829,-9.652404611,9.652404611,0.984635518
2021/4/2,3402,3493.5714,428,0.62%,112.2898433,-0.067920667,-10.20524695,10.20524695,1.008823518
2021/4/3,3423,3256.2857,429,-32.90%,-2.107142806,-0.056549952,-12.25725498,12.25725498,1.088393221
2021/4/4,2297,3072.1429,430,20.24%,3.423998008,-0.067379678,-10.28718449,10.28718449,1.012296529
2021/4/5,2762,2865.1429,431,-13.87%,-4.998622749,-0.012564818,-55.16571453,55.16571453,1.741669248
2021/4/6,2379,2829.1429,432,16.14%,4.294263392,-0.042112719,-16.45933098,16.45933098,1.216412179
2021/4/7,2763,2710,433,9.66%,7.172905093,-0.029889299,-23.19047974,23.19047974,1.365309733
2021/4/8,3030,2629,434,3.96%,17.50196631,0.043797223,15.82628141,15.82628141,1.199378884
2021/4/9,3150,2744.1429,435,-17.81%,-3.892002885,0.004841475,143.1685883,143.1685883,2.155847743
2021/4/10,2589,2757.4286,436,-33.18%,-2.089124622,-0.014091825,-49.18789464,49.18789464,1.691858234
2021/4/11,1730,2718.5714,437,106.24%,0.652418184,-0.018812381,-36.84526661,36.84526661,1.566381703
2021/4/12,3568,2667.4286,438,-30.72%,-2.256522938,-0.02967011,-23.36180015,23.36180015,1.368506304
2021/4/13,2472,2588.2857,439,0.77%,90.18209633,-0.021139204,-32.78965344,32.78965344,1.515736827
2021/4/14,2491,2533.5714,440,7.27%,9.539390203,0.008570629,80.87471724,80.87471724,1.907812775
2021/4/15,2672,2555.2857,441,-2.84%,-24.36959561,-0.033823459,-20.49309,20.49309,1.311607447
2021/4/16,2596,2468.8571,442,-15.02%,-4.613872002,0.003008923,230.3639095,230.3639095,2.36241444
2021/4/17,2206,2476.2857,443,-14.69%,-4.719390989,-0.005480547,-126.474089,126.474089,2.10200156
2021/4/18,1882,2462.7143,444,57.44%,1.206755776,0.003306433,209.6359328,209.6359328,2.321465725
2021/4/19,2963,2470.8571,445,-14.82%,-4.678348738,0.004740986,146.2031562,146.2031562,2.164956748
2021/4/20,2524,2482.5714,446,-5.07%,-13.66799597,-0.008343889,-83.07243626,83.07243626,1.919456947
2021/4/21,2396,2461.8571,447,13.90%,4.987329263,-0.009864789,-70.26477754,70.26477754,1.846737676
2021/4/22,2729,2437.5714,448,-1.87%,-37.09016972,-0.052687072,-13.15592523,13.15592523,1.119121397
2021/4/23,2678,2309.1429,449,-23.04%,-3.008505915,0.009960406,69.59025612,69.59025612,1.842548435
2021/4/24,2061,2332.1429,450,-16.93%,-4.093341946,-0.014088845,-49.19829674,49.19829674,1.691950068
2021/4/25,1712,2299.2857,451,20.56%,3.371215833,-0.017645219,-39.28243542,39.28243542,1.594198405
2021/4/26,2064,2258.7143,452,30.09%,2.303793528,-0.018784403,-36.90014398,36.90014398,1.567028061
2021/4/27,2685,2216.2857,453,-19.33%,-3.585934836,-0.009926518,-69.82782656,69.82782656,1.844028525
2021/4/28,2166,2194.2857,454,12.88%,5.381207144,-0.002669251,-259.6785007,259.6785007,2.414435995
2021/4/29,2445,2188.4286,455,-2.62%,-26.48038838,-0.027090534,-25.58632375,25.58632375,1.408007891
2021/4/30,2381,2129.1429,456,-19.91%,-3.481821597,-0.049584037,-13.97924059,13.97924059,1.145483579
2021/5/1,1907,2023.5714,457,-12.38%,-5.600981667,-0.001553096,-446.3003725,446.3003725,2.649627249
2021/5/2,1671,2020.4286,458,-1.32%,-52.64767903,0.011878668,58.35226615,58.35226615,1.766057727
2021/5/3,1649,2044.4286,459,18.01%,3.848483841,0.007616505,91.00594166,91.00594166,1.959069748
2021/5/4,1946,2060,460,10.17%,6.812446532,0.009708738,71.3941596,71.3941596,1.853662686
2021/5/5,2144,2080,461,21.88%,3.168672825,0.006799471,101.941337,101.941337,2.008350325
2021/5/6,2613,2094.1429,462,-4.71%,-14.72515108,0.048297946,14.35148371,14.35148371,1.156896802
2021/5/7,2490,2195.2857,463,-17.79%,-3.896019141,0.034359355,20.17346329,20.17346329,1.304780462
2021/5/8,2047,2270.7143,464,-13.53%,-5.122282594,0.008807801,78.69696075,78.69696075,1.89595796
2021/5/9,1770,2290.7143,465,33.16%,2.090069011,0.002743991,252.605463,252.605463,2.402442739
2021/5/10,2357,2297,466,4.96%,13.9636573,-0.01847131,-37.52560946,37.52560946,1.574327754
2021/5/11,2474,2254.5714,467,-7.68%,-9.02550592,-0.001267248,-546.9706378,546.9706378,2.737964013
2021/5/12,2284,2251.7143,468,16.33%,4.244365041,0.009897215,70.03457008,70.03457008,1.845312467
2021/5/13,2657,2274,469,-17.46%,-3.96916392,-0.023746702,-29.18919794,29.18919794,1.465222162
2021/5/14,2193,2220,470,-7.57%,-9.157058837,-0.003989685,-173.7348275,173.7348275,2.239886887
2021/5/15,2027,2211.1429,471,-4.98%,-13.91098351,0.026618406,26.04014583,26.04014583,1.415643412
2021/5/16,1926,2270,472,2.75%,25.18870698,0.013656388,50.75626129,50.75626129,1.705489624
2021/5/17,1979,2301,473,21.88%,3.167986768,0.039485919,17.55428758,17.55428758,1.244383209
2021/5/18,2412,2391.8571,474,11.77%,5.886869717,0.039837581,17.39932923,17.39932923,1.240532506
2021/5/19,2696,2487.1429,475,6.60%,10.49845393,0.017748397,39.05407198,39.05407198,1.591666322
2021/5/20,2874,2531.2857,476,-1.57%,-44.26899993,0.025960839,26.69972207,26.69972207,1.426506741
2021/5/21,2829,2597,477,-4.77%,-14.52528425,0.00445568,155.5648606,155.5648606,2.191911504
2021/5/22,2694,2608.5714,478,-17.04%,-4.068275609,0.026506041,26.15053623,26.15053623,1.417480599
2021/5/23,2235,2677.7143,479,9.13%,7.594038963,0.035638081,19.44962116,19.44962116,1.288911147
2021/5/24,2439,2773.1429,480,2.21%,31.30714766,0.069699149,9.944844251,9.944844251,0.997597986
2021/5/25,2493,2966.4286,481,27.56%,2.515307018,0.033903193,20.44489408,20.44489408,1.310584865
2021/5/26,3180,3067,482,11.38%,6.08897247,0.046811673,14.80714406,14.80714406,1.170471302
2021/5/27,3542,3210.5714,483,18.07%,3.836136427,0.042004112,16.50188877,16.50188877,1.217533655
2021/5/28,4182,3345.4286,484,-18.75%,-3.697374374,0.028695875,24.15494169,24.15494169,1.383005993
2021/5/29,3398,3441.4286,485,-4.65%,-14.90705139,0.047737646,14.51992797,14.51992797,1.161964462
2021/5/30,3240,3605.7143,486,4.41%,15.70487318,0.068621244,10.10105825,10.10105825,1.004366876
2021/5/31,3383,3853.1429,487,-6.44%,-10.7564996,0.076227175,9.09317676,9.09317676,0.958715633
2021/6/1,3165,4146.8571,488,36.81%,1.883099422,0.081541971,8.500495817,8.500495817,0.929444258
2021/6/2,4330,4485,489,21.80%,3.179372131,0.066921494,10.35761667,10.35761667,1.015259834
2021/6/3,5274,4785.1429,490,18.28%,3.792176587,0.068664909,10.09463486,10.09463486,1.004090614
2021/6/4,6238,5113.7143,491,-7.58%,-9.14133639,0.080539717,8.606277879,8.606277879,0.934815364
2021/6/5,5765,5525.5714,492,-7.35%,-9.424512962,0.082990784,8.352098281,8.352098281,0.921795596
2021/6/6,5341,5984.1429,493,6.40%,10.82485114,0.050586058,13.70233633,13.70233633,1.136794623
2021/6/7,5683,6286.8571,494,6.42%,10.79220665,0.042878579,16.16534861,16.16534861,1.208585075
2021/6/8,6048,6556.4286,495,24.67%,2.809754791,0.042989426,16.12366692,16.12366692,1.207463818
2021/6/9,7540,6838.2857,496,-1.95%,-35.55326355,0.044894293,15.43953893,15.43953893,1.188634327
2021/6/10,7393,7145.2857,497,9.90%,7.000597139,0.04116601,16.83785207,16.83785207,1.22628669
2021/6/11,8125,7439.4286,498,-4.76%,-14.55250864,0.031204386,22.21313329,22.21313329,1.346609823
2021/6/12,7738,7671.5714,499,-3.20%,-21.62731001,0.028211769,24.56943346,24.56943346,1.390395142
2021/6/13,7490,7888,500,3.36%,20.60187453,0.065452041,10.59015379,10.59015379,1.024902267
2021/6/14,7742,8404.2857,501,-0.89%,-77.77312278,0,0,0,0
2021/6/15,7673,8404.2857,502,18.01%,3.848421358,0,0,0,0
2021/6/16,9055,8404.2857,503,21.56%,3.215393299,0,0,0,0
2021/6/17,11007,8404.2857,504,-100.00%,-0.693147181,-1,-0.693147181,0.693147181,-0.159174539
