iso_code,continent,location,date,total_cases,new_cases,smoothed
DEU,Europe,Germany,2020/1/27,1,1,1.428571429
DEU,Europe,Germany,2020/1/28,4,3,1.428571429
DEU,Europe,Germany,2020/1/29,4,0,1.428571429
DEU,Europe,Germany,2020/1/30,4,0,1.428571429
DEU,Europe,Germany,2020/1/31,5,1,1.428571429
DEU,Europe,Germany,2020/2/1,8,3,1.143
DEU,Europe,Germany,2020/2/2,10,2,1.429
DEU,Europe,Germany,2020/2/3,12,2,1.571
DEU,Europe,Germany,2020/2/4,12,0,1.143
DEU,Europe,Germany,2020/2/5,12,0,1.143
DEU,Europe,Germany,2020/2/6,12,0,1.143
DEU,Europe,Germany,2020/2/7,13,1,1.143
DEU,Europe,Germany,2020/2/8,13,0,0.714
DEU,Europe,Germany,2020/2/9,14,1,0.571
DEU,Europe,Germany,2020/2/10,14,0,0.286
DEU,Europe,Germany,2020/2/11,16,2,0.571
DEU,Europe,Germany,2020/2/12,16,0,0.571
DEU,Europe,Germany,2020/2/13,16,0,0.571
DEU,Europe,Germany,2020/2/14,16,0,0.429
DEU,Europe,Germany,2020/2/15,16,0,0.429
DEU,Europe,Germany,2020/2/16,16,0,0.286
DEU,Europe,Germany,2020/2/17,16,0,0.286
DEU,Europe,Germany,2020/2/18,16,0,0
DEU,Europe,Germany,2020/2/19,16,0,0
DEU,Europe,Germany,2020/2/20,16,0,0
DEU,Europe,Germany,2020/2/21,16,0,0
DEU,Europe,Germany,2020/2/22,16,0,0
DEU,Europe,Germany,2020/2/23,16,0,0
DEU,Europe,Germany,2020/2/24,16,0,0
DEU,Europe,Germany,2020/2/25,17,1,0.143
DEU,Europe,Germany,2020/2/26,27,10,1.571
DEU,Europe,Germany,2020/2/27,46,19,4.286
DEU,Europe,Germany,2020/2/28,48,2,4.571
DEU,Europe,Germany,2020/2/29,79,31,9
DEU,Europe,Germany,2020/3/1,130,51,16.286
DEU,Europe,Germany,2020/3/2,159,29,20.429
DEU,Europe,Germany,2020/3/3,196,37,25.571
DEU,Europe,Germany,2020/3/4,262,66,33.571
DEU,Europe,Germany,2020/3/5,482,220,62.286
DEU,Europe,Germany,2020/3/6,670,188,88.857
DEU,Europe,Germany,2020/3/7,799,129,102.857
DEU,Europe,Germany,2020/3/8,1040,241,130
DEU,Europe,Germany,2020/3/9,1176,136,145.286
DEU,Europe,Germany,2020/3/10,1457,281,180.143
DEU,Europe,Germany,2020/3/11,1908,451,235.143
DEU,Europe,Germany,2020/3/12,2078,170,228
DEU,Europe,Germany,2020/3/13,3675,1597,429.286
DEU,Europe,Germany,2020/3/14,4585,910,540.857
DEU,Europe,Germany,2020/3/15,5795,1210,679.286
DEU,Europe,Germany,2020/3/16,7272,1477,870.857
DEU,Europe,Germany,2020/3/17,9257,1985,1114.286
DEU,Europe,Germany,2020/3/18,12327,3070,1488.429
DEU,Europe,Germany,2020/3/19,15320,2993,1891.714
DEU,Europe,Germany,2020/3/20,19848,4528,2310.429
DEU,Europe,Germany,2020/3/21,22213,2365,2518.286
DEU,Europe,Germany,2020/3/22,24873,2660,2725.429
DEU,Europe,Germany,2020/3/23,29056,4183,3112
DEU,Europe,Germany,2020/3/24,32986,3930,3389.857
DEU,Europe,Germany,2020/3/25,37323,4337,3570.857
DEU,Europe,Germany,2020/3/26,43938,6615,4088.286
DEU,Europe,Germany,2020/3/27,50871,6933,4431.857
DEU,Europe,Germany,2020/3/28,57695,6824,5068.857
DEU,Europe,Germany,2020/3/29,62095,4400,5317.429
DEU,Europe,Germany,2020/3/30,66885,4790,5404.143
DEU,Europe,Germany,2020/3/31,71808,4923,5546
DEU,Europe,Germany,2020/4/1,77872,6064,5792.714
DEU,Europe,Germany,2020/4/2,84794,6922,5836.571
DEU,Europe,Germany,2020/4/3,91159,6365,5755.429
DEU,Europe,Germany,2020/4/4,96092,4933,5485.286
DEU,Europe,Germany,2020/4/5,100123,4031,5432.571
DEU,Europe,Germany,2020/4/6,103374,3251,5212.714
DEU,Europe,Germany,2020/4/7,107663,4289,5122.143
DEU,Europe,Germany,2020/4/8,113296,5633,5060.571
DEU,Europe,Germany,2020/4/9,118181,4885,4769.571
DEU,Europe,Germany,2020/4/10,122171,3990,4430.286
DEU,Europe,Germany,2020/4/11,124908,2737,4116.571
DEU,Europe,Germany,2020/4/12,127854,2946,3961.571
DEU,Europe,Germany,2020/4/13,130072,2218,3814
DEU,Europe,Germany,2020/4/14,131359,1287,3385.143
DEU,Europe,Germany,2020/4/15,134753,3394,3065.286
DEU,Europe,Germany,2020/4/16,137698,2945,2788.143
DEU,Europe,Germany,2020/4/17,141397,3699,2746.571
DEU,Europe,Germany,2020/4/18,143342,1945,2633.429
DEU,Europe,Germany,2020/4/19,145184,1842,2475.714
DEU,Europe,Germany,2020/4/20,147065,1881,2427.571
DEU,Europe,Germany,2020/4/21,148291,1226,2418.857
DEU,Europe,Germany,2020/4/22,150648,2357,2270.714
DEU,Europe,Germany,2020/4/23,153129,2481,2204.429
DEU,Europe,Germany,2020/4/24,154999,1870,1943.143
DEU,Europe,Germany,2020/4/25,156513,1514,1881.571
DEU,Europe,Germany,2020/4/26,157770,1257,1798
DEU,Europe,Germany,2020/4/27,158758,988,1670.429
DEU,Europe,Germany,2020/4/28,159912,1154,1660.143
DEU,Europe,Germany,2020/4/29,161539,1627,1555.857
DEU,Europe,Germany,2020/4/30,163009,1470,1411.429
DEU,Europe,Germany,2020/5/1,164077,1068,1296.857
DEU,Europe,Germany,2020/5/2,164967,890,1207.714
DEU,Europe,Germany,2020/5/3,165664,697,1127.714
DEU,Europe,Germany,2020/5/4,166152,488,1056.286
DEU,Europe,Germany,2020/5/5,167007,855,1013.571
DEU,Europe,Germany,2020/5/6,168162,1155,946.143
DEU,Europe,Germany,2020/5/7,169430,1268,917.286
DEU,Europe,Germany,2020/5/8,170588,1158,930.143
DEU,Europe,Germany,2020/5/9,171324,736,908.143
DEU,Europe,Germany,2020/5/10,171879,555,887.857
DEU,Europe,Germany,2020/5/11,172576,697,917.714
DEU,Europe,Germany,2020/5/12,173171,595,880.571
DEU,Europe,Germany,2020/5/13,174098,927,848
DEU,Europe,Germany,2020/5/14,174478,380,721.143
DEU,Europe,Germany,2020/5/15,175233,755,663.571
DEU,Europe,Germany,2020/5/16,175752,519,632.571
DEU,Europe,Germany,2020/5/17,176369,617,641.429
DEU,Europe,Germany,2020/5/18,176551,182,567.857
DEU,Europe,Germany,2020/5/19,177778,1227,658.143
DEU,Europe,Germany,2020/5/20,178473,695,625
DEU,Europe,Germany,2020/5/21,179021,548,649
DEU,Europe,Germany,2020/5/22,179710,689,639.571
DEU,Europe,Germany,2020/5/23,179986,276,604.857
DEU,Europe,Germany,2020/5/24,180328,342,565.571
DEU,Europe,Germany,2020/5/25,180600,272,578.429
DEU,Europe,Germany,2020/5/26,181200,600,488.857
DEU,Europe,Germany,2020/5/27,181524,324,435.857
DEU,Europe,Germany,2020/5/28,182196,672,453.571
DEU,Europe,Germany,2020/5/29,182922,726,458.857
DEU,Europe,Germany,2020/5/30,183189,267,457.571
DEU,Europe,Germany,2020/5/31,183410,221,440.286
DEU,Europe,Germany,2020/6/1,183594,184,427.714
DEU,Europe,Germany,2020/6/2,183879,285,382.714
DEU,Europe,Germany,2020/6/3,184121,242,371
DEU,Europe,Germany,2020/6/4,184472,351,325.143
DEU,Europe,Germany,2020/6/5,184924,452,286
DEU,Europe,Germany,2020/6/6,185450,526,323
DEU,Europe,Germany,2020/6/7,185750,300,334.286
DEU,Europe,Germany,2020/6/8,186109,359,359.286
DEU,Europe,Germany,2020/6/9,186506,397,375.286
DEU,Europe,Germany,2020/6/10,186522,16,343
DEU,Europe,Germany,2020/6/11,186691,169,317
DEU,Europe,Germany,2020/6/12,187226,535,328.857
DEU,Europe,Germany,2020/6/13,187267,41,259.571
DEU,Europe,Germany,2020/6/14,187518,251,252.571
DEU,Europe,Germany,2020/6/15,187682,164,224.714
DEU,Europe,Germany,2020/6/16,188252,570,249.429
DEU,Europe,Germany,2020/6/17,188604,352,297.429
DEU,Europe,Germany,2020/6/18,189817,1213,446.571
DEU,Europe,Germany,2020/6/19,190299,482,439
DEU,Europe,Germany,2020/6/20,190670,371,486.143
DEU,Europe,Germany,2020/6/21,191272,602,536.286
DEU,Europe,Germany,2020/6/22,191768,496,583.714
DEU,Europe,Germany,2020/6/23,192480,712,604
DEU,Europe,Germany,2020/6/24,192871,391,609.571
DEU,Europe,Germany,2020/6/25,193371,500,507.714
DEU,Europe,Germany,2020/6/26,194036,665,533.857
DEU,Europe,Germany,2020/6/27,194458,422,541.143
DEU,Europe,Germany,2020/6/28,194693,235,488.714
DEU,Europe,Germany,2020/6/29,195042,349,467.714
DEU,Europe,Germany,2020/6/30,195418,376,419.714
DEU,Europe,Germany,2020/7/1,195893,475,431.714
DEU,Europe,Germany,2020/7/2,196370,477,428.429
DEU,Europe,Germany,2020/7/3,196780,410,392
DEU,Europe,Germany,2020/7/4,197198,418,391.429
DEU,Europe,Germany,2020/7/5,197523,325,404.286
DEU,Europe,Germany,2020/7/6,198064,541,431.714
DEU,Europe,Germany,2020/7/7,198343,279,417.857
DEU,Europe,Germany,2020/7/8,198699,356,400.857
DEU,Europe,Germany,2020/7/9,199001,302,375.857
DEU,Europe,Germany,2020/7/10,199332,331,364.571
DEU,Europe,Germany,2020/7/11,199709,377,358.714
DEU,Europe,Germany,2020/7/12,199919,210,342.286
DEU,Europe,Germany,2020/7/13,200180,261,302.286
DEU,Europe,Germany,2020/7/14,200456,276,301.857
DEU,Europe,Germany,2020/7/15,200890,434,313
DEU,Europe,Germany,2020/7/16,201450,560,349.857
DEU,Europe,Germany,2020/7/17,202045,595,387.571
DEU,Europe,Germany,2020/7/18,202426,381,388.143
DEU,Europe,Germany,2020/7/19,202735,309,402.286
DEU,Europe,Germany,2020/7/20,203325,590,449.286
DEU,Europe,Germany,2020/7/21,203717,392,465.857
DEU,Europe,Germany,2020/7/22,204276,559,483.714
DEU,Europe,Germany,2020/7/23,204881,605,490.143
DEU,Europe,Germany,2020/7/24,205623,742,511.143
DEU,Europe,Germany,2020/7/25,206278,655,550.286
DEU,Europe,Germany,2020/7/26,206667,389,561.714
DEU,Europe,Germany,2020/7/27,207112,445,541
DEU,Europe,Germany,2020/7/28,207707,595,570
DEU,Europe,Germany,2020/7/29,208546,839,610
DEU,Europe,Germany,2020/7/30,209535,989,664.857
DEU,Europe,Germany,2020/7/31,210399,864,682.286
DEU,Europe,Germany,2020/8/1,211005,606,675.286
DEU,Europe,Germany,2020/8/2,211220,215,650.429
DEU,Europe,Germany,2020/8/3,212111,891,714.143
DEU,Europe,Germany,2020/8/4,212828,717,731.571
DEU,Europe,Germany,2020/8/5,214113,1285,795.286
DEU,Europe,Germany,2020/8/6,215039,926,786.286
DEU,Europe,Germany,2020/8/7,216196,1157,828.143
DEU,Europe,Germany,2020/8/8,216903,707,842.571
DEU,Europe,Germany,2020/8/9,217288,385,866.857
DEU,Europe,Germany,2020/8/10,218508,1220,913.857
DEU,Europe,Germany,2020/8/11,219540,1032,958.857
DEU,Europe,Germany,2020/8/12,220859,1319,963.714
DEU,Europe,Germany,2020/8/13,222281,1422,1034.571
DEU,Europe,Germany,2020/8/14,223791,1510,1085
DEU,Europe,Germany,2020/8/15,224488,697,1083.571
DEU,Europe,Germany,2020/8/16,225007,519,1102.714
DEU,Europe,Germany,2020/8/17,226700,1693,1170.286
DEU,Europe,Germany,2020/8/18,228120,1420,1225.714
DEU,Europe,Germany,2020/8/19,229706,1586,1263.857
DEU,Europe,Germany,2020/8/20,231292,1586,1287.286
DEU,Europe,Germany,2020/8/21,233029,1737,1319.714
DEU,Europe,Germany,2020/8/22,233861,832,1339
DEU,Europe,Germany,2020/8/23,234494,633,1355.286
DEU,Europe,Germany,2020/8/24,236122,1628,1346
DEU,Europe,Germany,2020/8/25,237583,1461,1351.857
DEU,Europe,Germany,2020/8/26,239010,1427,1329.143
DEU,Europe,Germany,2020/8/27,240571,1561,1325.571
DEU,Europe,Germany,2020/8/28,242126,1555,1299.571
DEU,Europe,Germany,2020/8/29,242835,709,1282
DEU,Europe,Germany,2020/8/30,243305,470,1258.714
DEU,Europe,Germany,2020/8/31,244802,1497,1240
DEU,Europe,Germany,2020/9/1,246015,1213,1204.571
DEU,Europe,Germany,2020/9/2,247411,1396,1200.143
DEU,Europe,Germany,2020/9/3,248840,1429,1181.286
DEU,Europe,Germany,2020/9/4,250283,1443,1165.286
DEU,Europe,Germany,2020/9/5,251058,775,1174.714
DEU,Europe,Germany,2020/9/6,251728,670,1203.286
DEU,Europe,Germany,2020/9/7,253626,1898,1260.571
DEU,Europe,Germany,2020/9/8,254957,1331,1277.429
DEU,Europe,Germany,2020/9/9,256433,1476,1288.857
DEU,Europe,Germany,2020/9/10,258149,1716,1329.857
DEU,Europe,Germany,2020/9/11,259735,1586,1350.286
DEU,Europe,Germany,2020/9/12,260817,1082,1394.143
DEU,Europe,Germany,2020/9/13,261737,920,1429.857
DEU,Europe,Germany,2020/9/14,263222,1485,1370.857
DEU,Europe,Germany,2020/9/15,265014,1792,1436.714
DEU,Europe,Germany,2020/9/16,266869,1855,1490.857
DEU,Europe,Germany,2020/9/17,269048,2179,1557
DEU,Europe,Germany,2020/9/18,271247,2199,1644.571
DEU,Europe,Germany,2020/9/19,272932,1685,1730.714
DEU,Europe,Germany,2020/9/20,273965,1033,1746.857
DEU,Europe,Germany,2020/9/21,275560,1595,1762.571
DEU,Europe,Germany,2020/9/22,277412,1852,1771.143
DEU,Europe,Germany,2020/9/23,279025,1613,1736.571
DEU,Europe,Germany,2020/9/24,281346,2321,1756.857
DEU,Europe,Germany,2020/9/25,283712,2366,1780.714
DEU,Europe,Germany,2020/9/26,285026,1314,1727.714
DEU,Europe,Germany,2020/9/27,286339,1313,1767.714
DEU,Europe,Germany,2020/9/28,288631,2292,1867.286
DEU,Europe,Germany,2020/9/29,290471,1840,1865.571
DEU,Europe,Germany,2020/9/30,292913,2442,1984
DEU,Europe,Germany,2020/10/1,295539,2626,2027.571
DEU,Europe,Germany,2020/10/2,298374,2835,2094.571
DEU,Europe,Germany,2020/10/3,300027,1653,2143
DEU,Europe,Germany,2020/10/4,301573,1546,2176.286
DEU,Europe,Germany,2020/10/5,304673,3100,2291.714
DEU,Europe,Germany,2020/10/6,307127,2454,2379.429
DEU,Europe,Germany,2020/10/7,311137,4010,2603.429
DEU,Europe,Germany,2020/10/8,315941,4804,2914.571
DEU,Europe,Germany,2020/10/9,320495,4554,3160.143
DEU,Europe,Germany,2020/10/10,323463,2968,3348
DEU,Europe,Germany,2020/10/11,326309,2846,3533.714
DEU,Europe,Germany,2020/10/12,332850,6541,4025.286
DEU,Europe,Germany,2020/10/13,337314,4464,4312.429
DEU,Europe,Germany,2020/10/14,344487,7173,4764.286
DEU,Europe,Germany,2020/10/15,352107,7620,5166.571
DEU,Europe,Germany,2020/10/16,359802,7695,5615.286
DEU,Europe,Germany,2020/10/17,364664,4862,5885.857
DEU,Europe,Germany,2020/10/18,368671,4007,6051.714
DEU,Europe,Germany,2020/10/19,377068,8397,6316.857
DEU,Europe,Germany,2020/10/20,385591,8523,6896.714
DEU,Europe,Germany,2020/10/21,397922,12331,7633.571
DEU,Europe,Germany,2020/10/22,403874,5952,7395.286
DEU,Europe,Germany,2020/10/23,417350,13476,8221.143
DEU,Europe,Germany,2020/10/24,427808,10458,9020.571
DEU,Europe,Germany,2020/10/25,437698,9890,9861
DEU,Europe,Germany,2020/10/26,450258,12560,10455.714
DEU,Europe,Germany,2020/10/27,463419,13161,11118.286
DEU,Europe,Germany,2020/10/28,479621,16202,11671.286
DEU,Europe,Germany,2020/10/29,498354,18733,13497.143
DEU,Europe,Germany,2020/10/30,517736,19382,14340.857
DEU,Europe,Germany,2020/10/31,531790,14054,14854.571
DEU,Europe,Germany,2020/11/1,544346,12556,15235.429
DEU,Europe,Germany,2020/11/2,569598,25252,17048.571
DEU,Europe,Germany,2020/11/3,577131,7533,16244.571
DEU,Europe,Germany,2020/11/4,608611,31480,18427.143
DEU,Europe,Germany,2020/11/5,631172,22561,18974
DEU,Europe,Germany,2020/11/6,653992,22820,19465.143
DEU,Europe,Germany,2020/11/7,668114,14122,19474.857
DEU,Europe,Germany,2020/11/8,682624,14510,19754
DEU,Europe,Germany,2020/11/9,689146,6522,17078.286
DEU,Europe,Germany,2020/11/10,715693,26547,19794.571
DEU,Europe,Germany,2020/11/11,738094,22401,18497.571
DEU,Europe,Germany,2020/11/12,762832,24738,18808.571
DEU,Europe,Germany,2020/11/13,785093,22261,18728.714
DEU,Europe,Germany,2020/11/14,799733,14640,18802.714
DEU,Europe,Germany,2020/11/15,802946,3213,17188.857
DEU,Europe,Germany,2020/11/16,817526,14580,18340
DEU,Europe,Germany,2020/11/17,843757,26231,18294.857
DEU,Europe,Germany,2020/11/18,867484,23727,18484.286
DEU,Europe,Germany,2020/11/19,891525,24041,18384.714
DEU,Europe,Germany,2020/11/20,914118,22593,18432.143
DEU,Europe,Germany,2020/11/21,927990,13872,18322.429
DEU,Europe,Germany,2020/11/22,932367,4377,18488.714
DEU,Europe,Germany,2020/11/23,946822,14455,18470.857
DEU,Europe,Germany,2020/11/24,963192,16370,17062.143
DEU,Europe,Germany,2020/11/25,995879,32687,18342.143
DEU,Europe,Germany,2020/11/26,1017830,21951,18043.571
DEU,Europe,Germany,2020/11/27,1038649,20819,17790.143
DEU,Europe,Germany,2020/11/28,1052494,13845,17786.286
DEU,Europe,Germany,2020/11/29,1055691,3197,17617.714
DEU,Europe,Germany,2020/11/30,1069912,14221,17584.286
DEU,Europe,Germany,2020/12/1,1094678,24766,18783.714
DEU,Europe,Germany,2020/12/2,1117953,23275,17439.143
DEU,Europe,Germany,2020/12/3,1141544,23591,17673.429
DEU,Europe,Germany,2020/12/4,1157514,15970,16980.714
DEU,Europe,Germany,2020/12/5,1183640,26126,18735.143
DEU,Europe,Germany,2020/12/6,1194550,10910,19837
DEU,Europe,Germany,2020/12/7,1200006,5456,18584.857
DEU,Europe,Germany,2020/12/8,1229269,29263,19227.286
DEU,Europe,Germany,2020/12/9,1254358,25089,19486.429
DEU,Europe,Germany,2020/12/10,1287092,32734,20792.571
DEU,Europe,Germany,2020/12/11,1314309,27217,22399.286
DEU,Europe,Germany,2020/12/12,1336101,21792,21780.143
DEU,Europe,Germany,2020/12/13,1350810,14709,22322.857
DEU,Europe,Germany,2020/12/14,1357261,6451,22465
DEU,Europe,Germany,2020/12/15,1391086,33825,23116.714
DEU,Europe,Germany,2020/12/16,1423830,32744,24210.286
DEU,Europe,Germany,2020/12/17,1454009,30179,23845.286
DEU,Europe,Germany,2020/12/18,1486839,32830,24647.143
DEU,Europe,Germany,2020/12/19,1508518,21679,24631
DEU,Europe,Germany,2020/12/20,1514962,6444,23450.286
DEU,Europe,Germany,2020/12/21,1534218,19256,25279.571
DEU,Europe,Germany,2020/12/22,1570371,36153,25612.143
DEU,Europe,Germany,2020/12/23,1604129,33758,25757
DEU,Europe,Germany,2020/12/24,1630596,26467,25226.714
DEU,Europe,Germany,2020/12/25,1632736,2140,20842.429
DEU,Europe,Germany,2020/12/26,1646240,13504,19674.571
DEU,Europe,Germany,2020/12/27,1658639,12399,20525.286
DEU,Europe,Germany,2020/12/28,1672643,14004,19775
DEU,Europe,Germany,2020/12/29,1692109,19466,17391.143
DEU,Europe,Germany,2020/12/30,1741153,49044,19574.857
DEU,Europe,Germany,2020/12/31,1760520,19367,18560.571
DEU,Europe,Germany,2021/1/1,1762637,2117,18557.286
DEU,Europe,Germany,2021/1/2,1773540,10903,18185.714
DEU,Europe,Germany,2021/1/3,1783896,10356,17893.857
DEU,Europe,Germany,2021/1/4,1796216,12320,17653.286
DEU,Europe,Germany,2021/1/5,1814565,18349,17493.714
DEU,Europe,Germany,2021/1/6,1841228,26663,14296.429
DEU,Europe,Germany,2021/1/7,1886561,45333,18005.857
DEU,Europe,Germany,2021/1/8,1905638,19077,20428.714
DEU,Europe,Germany,2021/1/9,1928462,22824,22131.714
DEU,Europe,Germany,2021/1/10,1929410,948,20787.714
DEU,Europe,Germany,2021/1/11,1941116,11706,20700
DEU,Europe,Germany,2021/1/12,1968326,27210,21965.857
DEU,Europe,Germany,2021/1/13,1993892,25566,21809.143
DEU,Europe,Germany,2021/1/14,2015235,21343,18382
DEU,Europe,Germany,2021/1/15,2023828,8593,16884.286
DEU,Europe,Germany,2021/1/16,2038645,14817,15740.429
DEU,Europe,Germany,2021/1/17,2050129,11484,17245.571
DEU,Europe,Germany,2021/1/18,2059382,9253,16895.143
DEU,Europe,Germany,2021/1/19,2071615,12233,14755.571
DEU,Europe,Germany,2021/1/20,2100618,29003,15246.571
DEU,Europe,Germany,2021/1/21,2108895,8277,13380
DEU,Europe,Germany,2021/1/22,2125261,16366,14490.429
DEU,Europe,Germany,2021/1/23,2137691,12430,14149.429
DEU,Europe,Germany,2021/1/24,2147769,10078,13948.571
DEU,Europe,Germany,2021/1/25,2154656,6887,13610.571
DEU,Europe,Germany,2021/1/26,2164043,9387,13204
DEU,Europe,Germany,2021/1/27,2179679,15636,11294.429
DEU,Europe,Germany,2021/1/28,2194562,14883,12238.143
DEU,Europe,Germany,2021/1/29,2207393,12831,11733.143
DEU,Europe,Germany,2021/1/30,2224911,17518,12460
DEU,Europe,Germany,2021/1/31,2225659,748,11127.143
DEU,Europe,Germany,2021/2/1,2232327,6668,11095.857
DEU,Europe,Germany,2021/2/2,2240017,7690,10853.429
DEU,Europe,Germany,2021/2/3,2252504,12487,10403.571
DEU,Europe,Germany,2021/2/4,2265536,13032,10139.143
DEU,Europe,Germany,2021/2/5,2276371,10835,9854
DEU,Europe,Germany,2021/2/6,2285003,8632,8584.571
DEU,Europe,Germany,2021/2/7,2291673,6670,9430.571
DEU,Europe,Germany,2021/2/8,2296323,4650,9142.286
DEU,Europe,Germany,2021/2/9,2302051,5728,8862
DEU,Europe,Germany,2021/2/10,2311297,9246,8399
DEU,Europe,Germany,2021/2/11,2321225,9928,7955.571
DEU,Europe,Germany,2021/2/12,2330422,9197,7721.571
DEU,Europe,Germany,2021/2/13,2336906,6484,7414.714
DEU,Europe,Germany,2021/2/14,2341744,4838,7153
DEU,Europe,Germany,2021/2/15,2346876,5132,7221.857
DEU,Europe,Germany,2021/2/16,2352766,5890,7245
DEU,Europe,Germany,2021/2/17,2362364,9598,7295.286
DEU,Europe,Germany,2021/2/18,2372209,9845,7283.429
DEU,Europe,Germany,2021/2/19,2381259,9050,7262.429
DEU,Europe,Germany,2021/2/20,2388421,7162,7359.286
DEU,Europe,Germany,2021/2/21,2394515,6094,7538.714
DEU,Europe,Germany,2021/2/22,2399499,4984,7517.571
DEU,Europe,Germany,2021/2/23,2405263,5764,7499.571
DEU,Europe,Germany,2021/2/24,2416037,10774,7667.571
DEU,Europe,Germany,2021/2/25,2427069,11032,7837.143
DEU,Europe,Germany,2021/2/26,2436506,9437,7892.429
DEU,Europe,Germany,2021/2/27,2444177,7671,7965.143
DEU,Europe,Germany,2021/2/28,2450295,6118,7968.571
DEU,Europe,Germany,2021/3/1,2455569,5274,8010
DEU,Europe,Germany,2021/3/2,2462061,6492,8114
DEU,Europe,Germany,2021/3/3,2472913,10852,8125.143
DEU,Europe,Germany,2021/3/4,2484306,11393,8176.714
DEU,Europe,Germany,2021/3/5,2493887,9581,8197.286
DEU,Europe,Germany,2021/3/6,2502151,8264,8282
DEU,Europe,Germany,2021/3/7,2508655,6504,8337.143
DEU,Europe,Germany,2021/3/8,2513784,5129,8316.429
DEU,Europe,Germany,2021/3/9,2520618,6834,8365.286
DEU,Europe,Germany,2021/3/10,2541781,21163,9838.286
DEU,Europe,Germany,2021/3/11,2546526,4745,8888.571
DEU,Europe,Germany,2021/3/12,2559296,12770,9344.143
DEU,Europe,Germany,2021/3/13,2569864,10568,9673.286
DEU,Europe,Germany,2021/3/14,2578842,8978,10026.714
DEU,Europe,Germany,2021/3/15,2585385,6543,10228.714
DEU,Europe,Germany,2021/3/16,2603064,17679,11778
DEU,Europe,Germany,2021/3/17,2610769,7705,9855.429
DEU,Europe,Germany,2021/3/18,2639258,28489,13247.429
DEU,Europe,Germany,2021/3/19,2654734,15476,13634
DEU,Europe,Germany,2021/3/20,2669233,14499,14195.571
DEU,Europe,Germany,2021/3/21,2670001,768,13022.714
DEU,Europe,Germany,2021/3/22,2678262,8261,13268.143
DEU,Europe,Germany,2021/3/23,2699231,20969,13738.143
DEU,Europe,Germany,2021/3/24,2722988,23757,16031.286
DEU,Europe,Germany,2021/3/25,2744608,21620,15050
DEU,Europe,Germany,2021/3/26,2765297,20689,15794.714
DEU,Europe,Germany,2021/3/27,2782925,17628,16241.714
DEU,Europe,Germany,2021/3/28,2784652,1727,16378.714
DEU,Europe,Germany,2021/3/29,2794949,10297,16669.571
DEU,Europe,Germany,2021/3/30,2818630,23681,17057
DEU,Europe,Germany,2021/3/31,2843644,25014,17236.571
DEU,Europe,Germany,2021/4/1,2866323,22679,17387.857
DEU,Europe,Germany,2021/4/2,2882356,16033,16722.714
DEU,Europe,Germany,2021/4/3,2886029,3673,14729.143
DEU,Europe,Germany,2021/4/4,2896329,10300,15953.857
DEU,Europe,Germany,2021/4/5,2902309,5980,15337.143
DEU,Europe,Germany,2021/4/6,2909902,7593,13038.857
DEU,Europe,Germany,2021/4/7,2940279,30377,13805
DEU,Europe,Germany,2021/4/8,2966789,26510,14352.286
DEU,Europe,Germany,2021/4/9,2990724,23935,15481.143
DEU,Europe,Germany,2021/4/10,3009452,18728,17631.857
DEU,Europe,Germany,2021/4/11,3012158,2706,16547
DEU,Europe,Germany,2021/4/12,3024604,12446,17470.714
DEU,Europe,Germany,2021/4/13,3054025,29421,20589
DEU,Europe,Germany,2021/4/14,3085142,31117,20694.714
DEU,Europe,Germany,2021/4/15,3110252,25110,20494.714
DEU,Europe,Germany,2021/4/16,3134108,23856,20483.429
DEU,Europe,Germany,2021/4/17,3154305,20197,20693.286
DEU,Europe,Germany,2021/4/18,3155522,1217,20480.571
DEU,Europe,Germany,2021/4/19,3167137,11615,20361.857
DEU,Europe,Germany,2021/4/20,3198534,31397,20644.143
DEU,Europe,Germany,2021/4/21,3222888,24354,19678
DEU,Europe,Germany,2021/4/22,3254609,31721,20622.429
DEU,Europe,Germany,2021/4/23,3276871,22262,20394.714
DEU,Europe,Germany,2021/4/24,3291293,14422,19569.714
DEU,Europe,Germany,2021/4/25,3306692,15399,21595.714
DEU,Europe,Germany,2021/4/26,3312653,5961,20788
DEU,Europe,Germany,2021/4/27,3338564,25911,20004.286
DEU,Europe,Germany,2021/4/28,3366827,28263,20562.714
DEU,Europe,Germany,2021/4/29,3391039,24212,19490
DEU,Europe,Germany,2021/4/30,3405365,14326,18356.286
DEU,Europe,Germany,2021/5/1,3423900,18535,18943.857
DEU,Europe,Germany,2021/5/2,3432676,8776,17997.714
DEU,Europe,Germany,2021/5/3,3438186,5510,17933.286
DEU,Europe,Germany,2021/5/4,3462297,24111,17676.143
DEU,Europe,Germany,2021/5/5,3484755,22458,16846.857
DEU,Europe,Germany,2021/5/6,3502672,17917,15947.571
DEU,Europe,Germany,2021/5/7,3517762,15090,16056.714
DEU,Europe,Germany,2021/5/8,3530887,13125,15283.857
DEU,Europe,Germany,2021/5/9,3530887,0,14030.143
DEU,Europe,Germany,2021/5/10,3538208,7321,14288.857
DEU,Europe,Germany,2021/5/11,3557904,19696,13658.143
DEU,Europe,Germany,2021/5/12,3564494,6590,11391.286
DEU,Europe,Germany,2021/5/13,3578125,13631,10779
DEU,Europe,Germany,2021/5/14,3588502,10377,10105.714
DEU,Europe,Germany,2021/5/15,3595872,7370,9283.571
DEU,Europe,Germany,2021/5/16,3602939,7067,10293.143
DEU,Europe,Germany,2021/5/17,3608320,5381,10016
DEU,Europe,Germany,2021/5/18,3615896,7576,8284.571
DEU,Europe,Germany,2021/5/19,3627777,11881,9040.429
DEU,Europe,Germany,2021/5/20,3638504,10727,8625.571
DEU,Europe,Germany,2021/5/21,3646600,8096,8299.714
DEU,Europe,Germany,2021/5/22,3653019,6419,8163.857
DEU,Europe,Germany,2021/5/23,3657662,4643,7817.571
DEU,Europe,Germany,2021/5/24,3659990,2328,7381.429
DEU,Europe,Germany,2021/5/25,3662568,2578,6667.429
DEU,Europe,Germany,2021/5/26,3667041,4473,5609.143
DEU,Europe,Germany,2021/5/27,3673990,6949,5069.429
DEU,Europe,Germany,2021/5/28,3680159,6169,4794.143
DEU,Europe,Germany,2021/5/29,3684672,4513,4521.857
DEU,Europe,Germany,2021/5/30,3687715,3043,4293.286
DEU,Europe,Germany,2021/5/31,3689921,2206,4275.857
DEU,Europe,Germany,2021/6/1,3692908,2987,4334.286
DEU,Europe,Germany,2021/6/2,3698004,5096,4423.286
DEU,Europe,Germany,2021/6/3,3701692,3688,3957.429
DEU,Europe,Germany,2021/6/4,3704685,2993,3503.714
DEU,Europe,Germany,2021/6/5,3706934,2249,3180.286
DEU,Europe,Germany,2021/6/6,3708898,1964,3026.143
DEU,Europe,Germany,2021/6/7,3710342,1444,2917.286
DEU,Europe,Germany,2021/6/8,3712595,2253,2812.429
DEU,Europe,Germany,2021/6/9,3715870,3275,2552.286
DEU,Europe,Germany,2021/6/10,3718617,2747,2417.857
DEU,Europe,Germany,2021/6/11,3720811,2194,2303.714
DEU,Europe,Germany,2021/6/12,3722295,1484,2194.429
DEU,Europe,Germany,2021/6/13,3723295,1000,2056.714
DEU,Europe,Germany,2021/6/14,3724168,873,1975.143
DEU,Europe,Germany,2021/6/15,3725328,1160,1819
DEU,Europe,Germany,2021/6/16,3726767,1439,1556.714
DEU,Europe,Germany,2021/6/17,3727668,901,1293
DEU,Europe,Germany,2021/6/18,3728601,933,1112.857
DEU,Europe,Germany,2021/6/19,3729597,996,1043.143
DEU,Europe,Germany,2021/6/20,3730126,529,975.857
DEU,Europe,Germany,2021/6/21,3730619,493,921.571
DEU,Europe,Germany,2021/6/22,3731304,685,853.714
DEU,Europe,Germany,2021/6/23,3732439,1135,810.286
DEU,Europe,Germany,2021/6/24,3732914,475,749.429
DEU,Europe,Germany,2021/6/25,3733665,751,723.429
DEU,Europe,Germany,2021/6/26,3734153,488,650.857
DEU,Europe,Germany,2021/6/27,3734489,336,623.286
DEU,Europe,Germany,2021/6/28,3734830,341,601.571
DEU,Europe,Germany,2021/6/29,3735399,569,585
DEU,Europe,Germany,2021/6/30,3736205,806,538
DEU,Europe,Germany,2021/7/1,3736959,754,577.857
DEU,Europe,Germany,2021/7/2,3737630,671,566.429
DEU,Europe,Germany,2021/7/3,3738059,429,558
DEU,Europe,Germany,2021/7/4,3738470,411,568.714
DEU,Europe,Germany,2021/7/5,3738862,392,576
